Username,Repo name,Stars,Repo_urls
mrdoob,three.js,82700,https://github.com//mrdoob/three.js
libgdx,libgdx,20100,https://github.com//libgdx/libgdx
pmndrs,react-three-fiber,18300,https://github.com//pmndrs/react-three-fiber
BabylonJS,Babylon.js,17500,https://github.com//BabylonJS/Babylon.js
aframevr,aframe,14300,https://github.com//aframevr/aframe
ssloy,tinyrenderer,13800,https://github.com//ssloy/tinyrenderer
lettier,3d-game-shaders-for-beginners,13100,https://github.com//lettier/3d-game-shaders-for-beginners
FreeCAD,FreeCAD,11500,https://github.com//FreeCAD/FreeCAD
metafizzy,zdog,9200,https://github.com//metafizzy/zdog
CesiumGS,cesium,8800,https://github.com//CesiumGS/cesium
timzhang642,3D-Machine-Learning,8000,https://github.com//timzhang642/3D-Machine-Learning
a1studmuffin,SpaceshipGenerator,7200,https://github.com//a1studmuffin/SpaceshipGenerator
isl-org,Open3D,6900,https://github.com//isl-org/Open3D
blender,blender,5800,https://github.com//blender/blender
domlysz,BlenderGIS,5300,https://github.com//domlysz/BlenderGIS
spritejs,spritejs,4900,https://github.com//spritejs/spritejs
openscad,openscad,4800,https://github.com//openscad/openscad
tensorspace-team,tensorspace,4600,https://github.com//tensorspace-team/tensorspace
jagenjo,webglstudio.js,4600,https://github.com//jagenjo/webglstudio.js
YadiraF,PRNet,4600,https://github.com//YadiraF/PRNet
AaronJackson,vrn,4400,https://github.com//AaronJackson/vrn
google,model-viewer,4400,https://github.com//google/model-viewer
ssloy,tinyraytracer,4200,https://github.com//ssloy/tinyraytracer
mosra,magnum,4100,https://github.com//mosra/magnum
FyroxEngine,Fyrox,4000,https://github.com//FyroxEngine/Fyrox
gfxfundamentals,webgl-fundamentals,3600,https://github.com//gfxfundamentals/webgl-fundamentals
tengbao,vanta,3600,https://github.com//tengbao/vanta
cleardusk,3DDFA,3300,https://github.com//cleardusk/3DDFA
jasonlong,isometric-contributions,3200,https://github.com//jasonlong/isometric-contributions
cnr-isti-vclab,meshlab,3000,https://github.com//cnr-isti-vclab/meshlab
ljianshu,Blog,7100,https://github.com//ljianshu/Blog
metafizzy,infinite-scroll,7100,https://github.com//metafizzy/infinite-scroll
developit,unfetch,5300,https://github.com//developit/unfetch
jquery-form,form,5100,https://github.com//jquery-form/form
olifolkerd,tabulator,4700,https://github.com//olifolkerd/tabulator
Studio-42,elFinder,4300,https://github.com//Studio-42/elFinder
ded,reqwest,2900,https://github.com//ded/reqwest
dwyl,learn-to-send-email-via-google-script-html-no-server,2800,https://github.com//dwyl/learn-to-send-email-via-google-script-html-no-server
elbywan,wretch,2400,https://github.com//elbywan/wretch
LeaVerou,bliss,2400,https://github.com//LeaVerou/bliss
wendux,ajax-hook,2100,https://github.com//wendux/ajax-hook
yisainan,web-interview,2000,https://github.com//yisainan/web-interview
ptaoussanis,sente,1600,https://github.com//ptaoussanis/sente
nette,tracy,1500,https://github.com//nette/tracy
codingforentrepreneurs,eCommerce,1200,https://github.com//codingforentrepreneurs/eCommerce
k8w,tsrpc,1100,https://github.com//k8w/tsrpc
swlib,saber,959,https://github.com//swlib/saber
opensource-socialnetwork,opensource-socialnetwork,865,https://github.com//opensource-socialnetwork/opensource-socialnetwork
webcreate,infinite-ajax-scroll,860,https://github.com//webcreate/infinite-ajax-scroll
karosLi,KKJSBridge,582,https://github.com//karosLi/KKJSBridge
cferdinandi,atomic,540,https://github.com//cferdinandi/atomic
GoogTech,sms-ssm,514,https://github.com//GoogTech/sms-ssm
dashborg,hibiki,420,https://github.com//dashborg/hibiki
englercj,resource-loader,398,https://github.com//englercj/resource-loader
jsGanttImproved,jsgantt-improved,383,https://github.com//jsGanttImproved/jsgantt-improved
klis87,redux-requests,361,https://github.com//klis87/redux-requests
loadingio,loading-bar,356,https://github.com//loadingio/loading-bar
yceruto,django-ajax,316,https://github.com//yceruto/django-ajax
trco,django-bootstrap-modal-forms,320,https://github.com//trco/django-bootstrap-modal-forms
tulios,mappersmith,307,https://github.com//tulios/mappersmith
jwasham,coding-interview-university,222000,https://github.com//jwasham/coding-interview-university
CyC2018,CS-Notes,152000,https://github.com//CyC2018/CS-Notes
trekhleb,javascript-algorithms,143000,https://github.com//trekhleb/javascript-algorithms
TheAlgorithms,Python,137000,https://github.com//TheAlgorithms/Python
yangshun,tech-interview-handbook,71900,https://github.com//yangshun/tech-interview-handbook
kdn251,interviews,57400,https://github.com//kdn251/interviews
azl397985856,leetcode,48300,https://github.com//azl397985856/leetcode
TheAlgorithms,Java,46400,https://github.com//TheAlgorithms/Java
algorithm-visualizer,algorithm-visualizer,37100,https://github.com//algorithm-visualizer/algorithm-visualizer
youngyangyang04,leetcode-master,28000,https://github.com//youngyangyang04/leetcode-master
donnemartin,interactive-coding-challenges,25600,https://github.com//donnemartin/interactive-coding-challenges
halfrost,LeetCode-Go,25500,https://github.com//halfrost/LeetCode-Go
huihut,interview,24500,https://github.com//huihut/interview
keon,algorithms,21100,https://github.com//keon/algorithms
TheAlgorithms,JavaScript,20200,https://github.com//TheAlgorithms/JavaScript
TheAlgorithms,C-Plus-Plus,19600,https://github.com//TheAlgorithms/C-Plus-Plus
trekhleb,homemade-machine-learning,19300,https://github.com//trekhleb/homemade-machine-learning
mxgmn,WaveFunctionCollapse,18900,https://github.com//mxgmn/WaveFunctionCollapse
AtsushiSakai,PythonRobotics,15500,https://github.com//AtsushiSakai/PythonRobotics
greyireland,algorithm-pattern,13500,https://github.com//greyireland/algorithm-pattern
OpenGenus,cosmos,13000,https://github.com//OpenGenus/cosmos
halfrost,Halfrost-Field,11200,https://github.com//halfrost/Halfrost-Field
apachecn,apachecn-algo-zh,10600,https://github.com//apachecn/apachecn-algo-zh
lnishan,awesome-competitive-programming,9800,https://github.com//lnishan/awesome-competitive-programming
Blankj,awesome-java-leetcode,8400,https://github.com//Blankj/awesome-java-leetcode
mgechev,javascript-algorithms,7300,https://github.com//mgechev/javascript-algorithms
Turfjs,turf,7100,https://github.com//Turfjs/turf
amejiarosario,dsa.js-data-structures-algorithms-javascript,6600,https://github.com//amejiarosario/dsa.js-data-structures-algorithms-javascript
QuantConnect,Lean,6200,https://github.com//QuantConnect/Lean
Alinshans,MyTinySTL,6300,https://github.com//Alinshans/MyTinySTL
amphp,amp,3600,https://github.com//amphp/amp
danog,MadelineProto,2000,https://github.com//danog/MadelineProto
amphp,http-server,1200,https://github.com//amphp/http-server
unreal4u,telegram-api,715,https://github.com//unreal4u/telegram-api
amphp,http-client,611,https://github.com//amphp/http-client
amphp,parallel,585,https://github.com//amphp/parallel
php-service-bus,service-bus,318,https://github.com//php-service-bus/service-bus
amphp,byte-stream,291,https://github.com//amphp/byte-stream
amphp,mysql,276,https://github.com//amphp/mysql
amphp,parallel-functions,226,https://github.com//amphp/parallel-functions
amphp,process,178,https://github.com//amphp/process
amphp,socket,165,https://github.com//amphp/socket
amphp,redis,129,https://github.com//amphp/redis
amphp,dns,120,https://github.com//amphp/dns
kelunik,acme,110,https://github.com//kelunik/acme
amphp,sync,110,https://github.com//amphp/sync
amphp,websocket-client,103,https://github.com//amphp/websocket-client
PeeHaa,mailgrab,92,https://github.com//PeeHaa/mailgrab
amphp,websocket-server,79,https://github.com//amphp/websocket-server
amphp,file,73,https://github.com//amphp/file
jolicode,asynit,69,https://github.com//jolicode/asynit
amphp,cache,76,https://github.com//amphp/cache
amphp,serialization,75,https://github.com//amphp/serialization
amphp,postgres,65,https://github.com//amphp/postgres
amphp,windows-registry,71,https://github.com//amphp/windows-registry
amphp,hpack,70,https://github.com//amphp/hpack
amphp,beanstalk,59,https://github.com//amphp/beanstalk
phpinnacle,ridge,46,https://github.com//phpinnacle/ridge
amphp,aerys,45,https://github.com//amphp/aerys
amphp,cluster,43,https://github.com//amphp/cluster
flutter,flutter,142000,https://github.com//flutter/flutter
justjavac,free-programming-books-zh_CN,93300,https://github.com//justjavac/free-programming-books-zh_CN
Genymobile,scrcpy,66300,https://github.com//Genymobile/scrcpy
Hack-with-Github,Awesome-Hacking,51400,https://github.com//Hack-with-Github/Awesome-Hacking
google,material-design-icons,45900,https://github.com//google/material-design-icons
wasabeef,awesome-android-ui,42800,https://github.com//wasabeef/awesome-android-ui
square,okhttp,42300,https://github.com//square/okhttp
android,architecture-samples,41000,https://github.com//android/architecture-samples
Solido,awesome-flutter,40900,https://github.com//Solido/awesome-flutter
square,retrofit,40100,https://github.com//square/retrofit
PhilJay,MPAndroidChart,35200,https://github.com//PhilJay/MPAndroidChart
fastlane,fastlane,35100,https://github.com//fastlane/fastlane
airbnb,lottie-android,32800,https://github.com//airbnb/lottie-android
bumptech,glide,32600,https://github.com//bumptech/glide
shadowsocks,shadowsocks-android,32600,https://github.com//shadowsocks/shadowsocks-android
Trinea,android-open-project,31000,https://github.com//Trinea/android-open-project
Blankj,AndroidUtilCode,30900,https://github.com//Blankj/AndroidUtilCode
xitu,gold-miner,30800,https://github.com//xitu/gold-miner
skylot,jadx,30500,https://github.com//skylot/jadx
bilibili,ijkplayer,30400,https://github.com//bilibili/ijkplayer
laurent22,joplin,30100,https://github.com//laurent22/joplin
zxing,zxing,29700,https://github.com//zxing/zxing
codepath,android_guides,27800,https://github.com//codepath/android_guides
square,leakcanary,27600,https://github.com//square/leakcanary
alibaba,fastjson,24700,https://github.com//alibaba/fastjson
scwang90,SmartRefreshLayout,23600,https://github.com//scwang90/SmartRefreshLayout
CymChad,BaseRecyclerViewAdapterHelper,22900,https://github.com//CymChad/BaseRecyclerViewAdapterHelper
appwrite,appwrite,22600,https://github.com//appwrite/appwrite
react-native-elements,react-native-elements,22400,https://github.com//react-native-elements/react-native-elements
google,iosched,21500,https://github.com//google/iosched
justjavac,free-programming-books-zh_CN,93300,https://github.com//justjavac/free-programming-books-zh_CN
angular,angular,82000,https://github.com//angular/angular
storybookjs,storybook,71600,https://github.com//storybookjs/storybook
leonardomso,33-js-concepts,49400,https://github.com//leonardomso/33-js-concepts
ionic-team,ionic-framework,47400,https://github.com//ionic-team/ionic-framework
prettier,prettier,42800,https://github.com//prettier/prettier
SheetJS,sheetjs,30400,https://github.com//SheetJS/sheetjs
angular,angular-cli,25400,https://github.com//angular/angular-cli
angular,components,22700,https://github.com//angular/components
NativeScript,NativeScript,21300,https://github.com//NativeScript/NativeScript
jhipster,generator-jhipster,19600,https://github.com//jhipster/generator-jhipster
goldbergyoni,javascript-testing-best-practices,17800,https://github.com//goldbergyoni/javascript-testing-best-practices
pubkey,rxdb,17600,https://github.com//pubkey/rxdb
handsontable,handsontable,16700,https://github.com//handsontable/handsontable
teambit,bit,15300,https://github.com//teambit/bit
sweetalert2,sweetalert2,14600,https://github.com//sweetalert2/sweetalert2
nrwl,nx,13000,https://github.com//nrwl/nx
linnovate,mean,12200,https://github.com//linnovate/mean
codesandbox,codesandbox-client,11600,https://github.com//codesandbox/codesandbox-client
Chocobozzz,PeerTube,10800,https://github.com//Chocobozzz/PeerTube
sudheerj,javascript-interview-questions,10400,https://github.com//sudheerj/javascript-interview-questions
PatrickJS,angular-starter,10400,https://github.com//PatrickJS/angular-starter
jasontaylordev,CleanArchitecture,8800,https://github.com//jasontaylordev/CleanArchitecture
dotansimha,graphql-code-generator,8800,https://github.com//dotansimha/graphql-code-generator
angular,protractor,8800,https://github.com//angular/protractor
ag-grid,ag-grid,8800,https://github.com//ag-grid/ag-grid
OnsenUI,OnsenUI,8600,https://github.com//OnsenUI/OnsenUI
PatrickJS,awesome-angular,8300,https://github.com//PatrickJS/awesome-angular
NG-ZORRO,ng-zorro-antd,8200,https://github.com//NG-ZORRO/ng-zorro-antd
abpframework,abp,8100,https://github.com//abpframework/abp
ansible,ansible,53400,https://github.com//ansible/ansible
trailofbits,algo,25600,https://github.com//trailofbits/algo
bregman-arie,devops-exercises,25500,https://github.com//bregman-arie/devops-exercises
StreisandEffect,streisand,22800,https://github.com//StreisandEffect/streisand
MichaelCade,90DaysOfDevOps,13600,https://github.com//MichaelCade/90DaysOfDevOps
kubernetes-sigs,kubespray,12400,https://github.com//kubernetes-sigs/kubespray
ansible,awx,11100,https://github.com//ansible/awx
easzlab,kubeasz,8200,https://github.com//easzlab/kubeasz
geerlingguy,ansible-for-devops,5900,https://github.com//geerlingguy/ansible-for-devops
khuedoan,homelab,5800,https://github.com//khuedoan/homelab
curlconverter,curlconverter,5600,https://github.com//curlconverter/curlconverter
ansible-semaphore,semaphore,5000,https://github.com//ansible-semaphore/semaphore
Tikam02,DevOps-Guide,4900,https://github.com//Tikam02/DevOps-Guide
geerlingguy,mac-dev-playbook,4600,https://github.com//geerlingguy/mac-dev-playbook
rundeck,rundeck,4600,https://github.com//rundeck/rundeck
KubeOperator,KubeOperator,4300,https://github.com//KubeOperator/KubeOperator
clong,DetectionLab,3700,https://github.com//clong/DetectionLab
ansible-community,molecule,3400,https://github.com//ansible-community/molecule
opendevops-cn,opendevops,3200,https://github.com//opendevops-cn/opendevops
werf,werf,3200,https://github.com//werf/werf
netbootxyz,netboot.xyz,3100,https://github.com//netbootxyz/netboot.xyz
litmuschaos,litmus,3000,https://github.com//litmuschaos/litmus
welliamcao,OpsManage,3000,https://github.com//welliamcao/OpsManage
ansible,ansible-lint,2800,https://github.com//ansible/ansible-lint
dev-sec,ansible-collection-hardening,2800,https://github.com//dev-sec/ansible-collection-hardening
alixaxel,chrome-aws-lambda,2700,https://github.com//alixaxel/chrome-aws-lambda
roots,trellis,2300,https://github.com//roots/trellis
ansistrano,deploy,2200,https://github.com//ansistrano/deploy
fboender,ansible-cmdb,2100,https://github.com//fboender/ansible-cmdb
openshift,openshift-ansible,2100,https://github.com//openshift/openshift-ansible
public-apis,public-apis,196000,https://github.com//public-apis/public-apis
neovim,neovim,54300,https://github.com//neovim/neovim
tiangolo,fastapi,46200,https://github.com//tiangolo/fastapi
strapi,strapi,45600,https://github.com//strapi/strapi
hoppscotch,hoppscotch,44200,https://github.com//hoppscotch/hoppscotch
slatedocs,slate,34200,https://github.com//slatedocs/slate
meilisearch,meilisearch,27300,https://github.com//meilisearch/meilisearch
hasura,graphql-engine,27200,https://github.com//hasura/graphql-engine
ccxt,ccxt,24800,https://github.com//ccxt/ccxt
Binaryify,NeteaseCloudMusicApi,24400,https://github.com//Binaryify/NeteaseCloudMusicApi
YMFE,yapi,24400,https://github.com//YMFE/yapi
encode,django-rest-framework,23500,https://github.com//encode/django-rest-framework
littlecodersh,ItChat,22200,https://github.com//littlecodersh/ItChat
httpie,httpie,22000,https://github.com//httpie/httpie
Kong,insomnia,21200,https://github.com//Kong/insomnia
paularmstrong,normalizr,20900,https://github.com//paularmstrong/normalizr
FallibleInc,security-guide-for-developers,20200,https://github.com//FallibleInc/security-guide-for-developers
microsoft,api-guidelines,19300,https://github.com//microsoft/api-guidelines
pubkey,rxdb,17600,https://github.com//pubkey/rxdb
shieldfy,API-Security-Checklist,17300,https://github.com//shieldfy/API-Security-Checklist
directus,directus,16300,https://github.com//directus/directus
ChainSafe,web3.js,15300,https://github.com//ChainSafe/web3.js
learn-anything,learn-anything,14000,https://github.com//learn-anything/learn-anything
youfou,wxpy,13300,https://github.com//youfou/wxpy
jsdoc,jsdoc,12900,https://github.com//jsdoc/jsdoc
BrainJS,brain.js,12600,https://github.com//BrainJS/brain.js
OpenAPITools,openapi-generator,12400,https://github.com//OpenAPITools/openapi-generator
fangzesheng,free-api,12300,https://github.com//fangzesheng/free-api
go-chi,chi,11600,https://github.com//go-chi/chi
graphile,postgraphile,11400,https://github.com//graphile/postgraphile
arendst,Tasmota,17700,https://github.com//arendst/Tasmota
MarlinFirmware,Marlin,13300,https://github.com//MarlinFirmware/Marlin
arduino,Arduino,12900,https://github.com//arduino/Arduino
rwaldron,johnny-five,12700,https://github.com//rwaldron/johnny-five
tinygo-org,tinygo,10900,https://github.com//tinygo-org/tinygo
SpacehuhnTech,esp8266_deauther,10100,https://github.com//SpacehuhnTech/esp8266_deauther
espressif,arduino-esp32,8800,https://github.com//espressif/arduino-esp32
hybridgroup,gobot,7800,https://github.com//hybridgroup/gobot
gurugio,lowlevelprogramming-university,7600,https://github.com//gurugio/lowlevelprogramming-university
platformio,platformio-core,5900,https://github.com//platformio/platformio-core
bblanchon,ArduinoJson,5700,https://github.com//bblanchon/ArduinoJson
tzapu,WiFiManager,5300,https://github.com//tzapu/WiFiManager
Arduino-IRremote,Arduino-IRremote,3600,https://github.com//Arduino-IRremote/Arduino-IRremote
arduino,arduino-cli,3400,https://github.com//arduino/arduino-cli
blynkkk,blynk-library,3400,https://github.com//blynkkk/blynk-library
NectarJS,nectarjs,3300,https://github.com//NectarJS/nectarjs
olikraus,u8g2,3100,https://github.com//olikraus/u8g2
ClemensElflein,OpenMower,3000,https://github.com//ClemensElflein/OpenMower
Serial-Studio,Serial-Studio,2700,https://github.com//Serial-Studio/Serial-Studio
1technophile,OpenMQTTGateway,2600,https://github.com//1technophile/OpenMQTTGateway
scottlawsonbc,audio-reactive-led-strip,2300,https://github.com//scottlawsonbc/audio-reactive-led-strip
scottbez1,splitflap,2300,https://github.com//scottbez1/splitflap
isl-org,OpenBot,2200,https://github.com//isl-org/OpenBot
crankyoldgit,IRremoteESP8266,2100,https://github.com//crankyoldgit/IRremoteESP8266
Bodmer,TFT_eSPI,1900,https://github.com//Bodmer/TFT_eSPI
stm32duino,Arduino_Core_STM32,1900,https://github.com//stm32duino/Arduino_Core_STM32
nRF24,RF24,1900,https://github.com//nRF24/RF24
blinker-iot,blinker-library,1800,https://github.com//blinker-iot/blinker-library
ThingPulse,esp8266-oled-ssd1306,1700,https://github.com//ThingPulse/esp8266-oled-ssd1306
vshymanskyy,TinyGSM,1500,https://github.com//vshymanskyy/TinyGSM
dotnet,AspNetCore.Docs,10600,https://github.com//dotnet/AspNetCore.Docs
aspnetboilerplate,aspnetboilerplate,10400,https://github.com//aspnetboilerplate/aspnetboilerplate
bitwarden,server,9900,https://github.com//bitwarden/server
abpframework,abp,8100,https://github.com//abpframework/abp
nopSolutions,nopCommerce,7300,https://github.com//nopSolutions/nopCommerce
ElectronNET,Electron.NET,6300,https://github.com//ElectronNET/Electron.NET
RicoSuter,NSwag,5200,https://github.com//RicoSuter/NSwag
thangchung,clean-code-dotnet,5100,https://github.com//thangchung/clean-code-dotnet
JimBobSquarePants,ImageProcessor,2500,https://github.com//JimBobSquarePants/ImageProcessor
smartstore,SmartStoreNET,2500,https://github.com//smartstore/SmartStoreNET
serenity-is,Serenity,2200,https://github.com//serenity-is/Serenity
dotnet,aspnet-api-versioning,2300,https://github.com//dotnet/aspnet-api-versioning
loic-sharma,BaGet,2000,https://github.com//loic-sharma/BaGet
mjebrahimi,Awesome-Microservices-DotNet,1800,https://github.com//mjebrahimi/Awesome-Microservices-DotNet
TrilonIO,aspnetcore-angular-universal,1500,https://github.com//TrilonIO/aspnetcore-angular-universal
TrilonIO,aspnetcore-Vue-starter,1200,https://github.com//TrilonIO/aspnetcore-Vue-starter
MarimerLLC,csla,1000,https://github.com//MarimerLLC/csla
riganti,dotvvm,610,https://github.com//riganti/dotvvm
antonioCoco,SharPyShell,601,https://github.com//antonioCoco/SharPyShell
cornflourblue,aspnet-core-3-jwt-authentication-api,608,https://github.com//cornflourblue/aspnet-core-3-jwt-authentication-api
json-api-dotnet,JsonApiDotNetCore,557,https://github.com//json-api-dotnet/JsonApiDotNetCore
chsakell,mvcarchitecture,460,https://github.com//chsakell/mvcarchitecture
brthor,Gofer.NET,443,https://github.com//brthor/Gofer.NET
YAFNET,YAFNET,431,https://github.com//YAFNET/YAFNET
Maarten88,rrod,376,https://github.com//Maarten88/rrod
SapphireDb,SapphireDb,379,https://github.com//SapphireDb/SapphireDb
Taritsyn,WebMarkupMin,368,https://github.com//Taritsyn/WebMarkupMin
chsakell,aspnet-core-identity,360,https://github.com//chsakell/aspnet-core-identity
smartstore,Smartstore,337,https://github.com//smartstore/Smartstore
EEParker,aspnetcore-vueclimiddleware,328,https://github.com//EEParker/aspnetcore-vueclimiddleware
atom,atom,58100,https://github.com//atom/atom
themerdev,themer,4700,https://github.com//themerdev/themer
nteract,hydrogen,3800,https://github.com//nteract/hydrogen
miniflux,v2,3700,https://github.com//miniflux/v2
shd101wyy,markdown-preview-enhanced,3700,https://github.com//shd101wyy/markdown-preview-enhanced
atom,teletype,2400,https://github.com//atom/teletype
mmcdole,gofeed,1900,https://github.com//mmcdole/gofeed
mehcode,awesome-atom,1900,https://github.com//mehcode/awesome-atom
joefitzgerald,go-plus,1500,https://github.com//joefitzgerald/go-plus
Glavin001,atom-beautify,1500,https://github.com//Glavin001/atom-beautify
simplepie,simplepie,1400,https://github.com//simplepie/simplepie
kurtmckee,feedparser,1400,https://github.com//kurtmckee/feedparser
t9md,atom-vim-mode-plus,1400,https://github.com//t9md/atom-vim-mode-plus
ocaml,merlin,1400,https://github.com//ocaml/merlin
MagicStack,MagicPython,1300,https://github.com//MagicStack/MagicPython
atom,apm,1300,https://github.com//atom/apm
file-icons,atom,1200,https://github.com//file-icons/atom
kettanaito,atomic-layout,1100,https://github.com//kettanaito/atomic-layout
atom,github,1000,https://github.com//atom/github
nmdias,FeedKit,990,https://github.com//nmdias/FeedKit
nathanbuchar,atom-one-dark-terminal,967,https://github.com//nathanbuchar/atom-one-dark-terminal
fwcd,kotlin-language-server,944,https://github.com//fwcd/kotlin-language-server
danhper,atomic-chrome,927,https://github.com//danhper/atomic-chrome
jesseweed,seti-ui,899,https://github.com//jesseweed/seti-ui
jpmonette,feed,799,https://github.com//jpmonette/feed
prettier,prettier-atom,778,https://github.com//prettier/prettier-atom
raphamorim,lucario,745,https://github.com//raphamorim/lucario
feeddd,feeds,743,https://github.com//feeddd/feeds
atom-community,atom-script,737,https://github.com//atom-community/atom-script
jasonmunro,cypht,723,https://github.com//jasonmunro/cypht
sindresorhus,awesome,205000,https://github.com//sindresorhus/awesome
vinta,awesome-python,130000,https://github.com//vinta/awesome-python
awesome-selfhosted,awesome-selfhosted,90800,https://github.com//awesome-selfhosted/awesome-selfhosted
avelino,awesome-go,82100,https://github.com//avelino/awesome-go
trimstray,the-book-of-secret-knowledge,69900,https://github.com//trimstray/the-book-of-secret-knowledge
papers-we-love,papers-we-love,61700,https://github.com//papers-we-love/papers-we-love
521xueweihan,HelloGitHub,56300,https://github.com//521xueweihan/HelloGitHub
Hack-with-Github,Awesome-Hacking,51400,https://github.com//Hack-with-Github/Awesome-Hacking
jaywcjlove,awesome-mac,49600,https://github.com//jaywcjlove/awesome-mac
DopplerHQ,awesome-interview-questions,47000,https://github.com//DopplerHQ/awesome-interview-questions
sindresorhus,awesome-nodejs,44800,https://github.com//sindresorhus/awesome-nodejs
wasabeef,awesome-android-ui,42800,https://github.com//wasabeef/awesome-android-ui
Solido,awesome-flutter,40900,https://github.com//Solido/awesome-flutter
MunGell,awesome-for-beginners,40800,https://github.com//MunGell/awesome-for-beginners
prakhar1989,awesome-courses,40400,https://github.com//prakhar1989/awesome-courses
vsouza,awesome-ios,39600,https://github.com//vsouza/awesome-ios
binhnguyennus,awesome-scalability,38800,https://github.com//binhnguyennus/awesome-scalability
fffaraz,awesome-cpp,37800,https://github.com//fffaraz/awesome-cpp
tiimgreen,github-cheat-sheet,35200,https://github.com//tiimgreen/github-cheat-sheet
dypsilon,frontend-dev-bookmarks,33900,https://github.com//dypsilon/frontend-dev-bookmarks
akullpp,awesome-java,32299,https://github.com//akullpp/awesome-java
serhii-londar,open-source-mac-os-apps,30500,https://github.com//serhii-londar/open-source-mac-os-apps
dkhamsing,open-source-ios-apps,30400,https://github.com//dkhamsing/open-source-ios-apps
brillout,awesome-react-components,30100,https://github.com//brillout/awesome-react-components
ziadoz,awesome-php,26600,https://github.com//ziadoz/awesome-php
rust-unofficial,awesome-rust,26300,https://github.com//rust-unofficial/awesome-rust
herrbischoff,awesome-macos-command-line,25700,https://github.com//herrbischoff/awesome-macos-command-line
goabstract,Awesome-Design-Tools,24400,https://github.com//goabstract/Awesome-Design-Tools
alebcay,awesome-shell,23700,https://github.com//alebcay/awesome-shell
sindresorhus,awesome-electron,22800,https://github.com//sindresorhus/awesome-electron
serverless,serverless,42900,https://github.com//serverless/serverless
localstack,localstack,41500,https://github.com//localstack/localstack
bregman-arie,devops-exercises,25500,https://github.com//bregman-arie/devops-exercises
donnemartin,data-science-ipython-notebooks,23200,https://github.com//donnemartin/data-science-ipython-notebooks
ramitsurana,awesome-kubernetes,12800,https://github.com//ramitsurana/awesome-kubernetes
pulumi,pulumi,12700,https://github.com//pulumi/pulumi
aws,aws-cli,12500,https://github.com//aws/aws-cli
kubernetes-sigs,kubespray,12400,https://github.com//kubernetes-sigs/kubespray
donnemartin,awesome-aws,10400,https://github.com//donnemartin/awesome-aws
mozilla,sops,10000,https://github.com//mozilla/sops
apereo,cas,9500,https://github.com//apereo/cas
aws,chalice,8900,https://github.com//aws/chalice
aws,aws-cdk,8800,https://github.com//aws/aws-cdk
aws-amplify,amplify-js,8800,https://github.com//aws-amplify/amplify-js
caprover,caprover,8700,https://github.com//caprover/caprover
aws,serverless-application-model,8600,https://github.com//aws/serverless-application-model
apex,up,8600,https://github.com//apex/up
google,go-cloud,8400,https://github.com//google/go-cloud
angristan,openvpn-install,8200,https://github.com//angristan/openvpn-install
GoogleCloudPlatform,terraformer,7700,https://github.com//GoogleCloudPlatform/terraformer
aws,aws-sdk-go,7700,https://github.com//aws/aws-sdk-go
hashicorp,terraform-provider-aws,7400,https://github.com//hashicorp/terraform-provider-aws
boto,boto3,7300,https://github.com//boto/boto3
aws,aws-sdk-js,7100,https://github.com//aws/aws-sdk-js
aws,amazon-sagemaker-examples,7000,https://github.com//aws/amazon-sagemaker-examples
serverless-stack,serverless-stack,6900,https://github.com//serverless-stack/serverless-stack
infracost,infracost,6800,https://github.com//infracost/infracost
awslabs,aws-shell,6600,https://github.com//awslabs/aws-shell
99designs,aws-vault,6300,https://github.com//99designs/aws-vault
gruntwork-io,terratest,6100,https://github.com//gruntwork-io/terratest
bregman-arie,devops-exercises,25500,https://github.com//bregman-arie/devops-exercises
microsoft,recommenders,13400,https://github.com//microsoft/recommenders
ramitsurana,awesome-kubernetes,12800,https://github.com//ramitsurana/awesome-kubernetes
pulumi,pulumi,12700,https://github.com//pulumi/pulumi
Azure,azure-quickstart-templates,11800,https://github.com//Azure/azure-quickstart-templates
mozilla,sops,10000,https://github.com//mozilla/sops
caprover,caprover,8700,https://github.com//caprover/caprover
microsoft,computervision-recipes,8500,https://github.com//microsoft/computervision-recipes
google,go-cloud,8400,https://github.com//google/go-cloud
microsoft,azuredatastudio,6800,https://github.com//microsoft/azuredatastudio
infracost,infracost,6800,https://github.com//infracost/infracost
node-formidable,formidable,6200,https://github.com//node-formidable/formidable
midwayjs,midway,5700,https://github.com//midwayjs/midway
thangchung,clean-code-dotnet,5100,https://github.com//thangchung/clean-code-dotnet
aquasecurity,tfsec,4600,https://github.com//aquasecurity/tfsec
budtmo,docker-android,4600,https://github.com//budtmo/docker-android
nccgroup,ScoutSuite,4300,https://github.com//nccgroup/ScoutSuite
bridgecrewio,checkov,4300,https://github.com//bridgecrewio/checkov
cloud-custodian,cloud-custodian,4200,https://github.com//cloud-custodian/cloud-custodian
Azure,autorest,3800,https://github.com//Azure/autorest
Azure,azure-sdk-for-net,3800,https://github.com//Azure/azure-sdk-for-net
simov,grant,3600,https://github.com//simov/grant
hashicorp,terraform-provider-azurerm,3400,https://github.com//hashicorp/terraform-provider-azurerm
microsoft,SynapseML,3300,https://github.com//microsoft/SynapseML
Azure,MachineLearningNotebooks,3300,https://github.com//Azure/MachineLearningNotebooks
Azure,azure-powershell,3100,https://github.com//Azure/azure-powershell
Azure,azure-cli,3100,https://github.com//Azure/azure-cli
sottlmarek,DevSecOps,3000,https://github.com//sottlmarek/DevSecOps
Azure,azure-sdk-for-python,2800,https://github.com//Azure/azure-sdk-for-python
APIs-guru,openapi-directory,2800,https://github.com//APIs-guru/openapi-directory
babel,babel,41000,https://github.com//babel/babel
nylas,nylas-mail,24600,https://github.com//nylas/nylas-mail
swc-project,swc,22500,https://github.com//swc-project/swc
kriasoft,react-starter-kit,21200,https://github.com//kriasoft/react-starter-kit
avajs,ava,19800,https://github.com//avajs/ava
electron-react-boilerplate,electron-react-boilerplate,19700,https://github.com//electron-react-boilerplate/electron-react-boilerplate
SimulatedGREG,electron-vue,14900,https://github.com//SimulatedGREG/electron-vue
grab,front-end-guide,14400,https://github.com//grab/front-end-guide
jamiebuilds,babel-handbook,11000,https://github.com//jamiebuilds/babel-handbook
grommet,grommet,7900,https://github.com//grommet/grommet
developit,htm,7600,https://github.com//developit/htm
angular-fullstack,generator-angular-fullstack,6100,https://github.com//angular-fullstack/generator-angular-fullstack
ben-rogerson,twin.macro,5800,https://github.com//ben-rogerson/twin.macro
documentationjs,documentation,5500,https://github.com//documentationjs/documentation
insin,nwb,5500,https://github.com//insin/nwb
egoist,poi,5300,https://github.com//egoist/poi
thinkjs,thinkjs,5300,https://github.com//thinkjs/thinkjs
fkling,astexplorer,4700,https://github.com//fkling/astexplorer
transitive-bullshit,create-react-library,4700,https://github.com//transitive-bullshit/create-react-library
babel,babel-loader,4600,https://github.com//babel/babel-loader
duxianwei520,react,4600,https://github.com//duxianwei520/react
jaredpalmer,backpack,4500,https://github.com//jaredpalmer/backpack
babel,minify,4300,https://github.com//babel/minify
thx,gogocode,3300,https://github.com//thx/gogocode
tleunen,babel-plugin-module-resolver,3200,https://github.com//tleunen/babel-plugin-module-resolver
andywer,webpack-blocks,3000,https://github.com//andywer/webpack-blocks
babel,babel-eslint,3000,https://github.com//babel/babel-eslint
privatenumber,esbuild-loader,2900,https://github.com//privatenumber/esbuild-loader
kunalkapadia,express-mongoose-es6-rest-api,2800,https://github.com//kunalkapadia/express-mongoose-es6-rest-api
Atyantik,react-pwa,2500,https://github.com//Atyantik/react-pwa
jlevy,the-art-of-command-line,107000,https://github.com//jlevy/the-art-of-command-line
nvm-sh,nvm,58500,https://github.com//nvm-sh/nvm
junegunn,fzf,45000,https://github.com//junegunn/fzf
google,zx,31700,https://github.com//google/zx
dylanaraps,pure-bash-bible,31200,https://github.com//dylanaraps/pure-bash-bible
koalaman,shellcheck,29000,https://github.com//koalaman/shellcheck
LeCoupa,awesome-cheatsheets,28900,https://github.com//LeCoupa/awesome-cheatsheets
mathiasbynens,dotfiles,27900,https://github.com//mathiasbynens/dotfiles
acmesh-official,acme.sh,27000,https://github.com//acmesh-official/acme.sh
starship,starship,26800,https://github.com//starship/starship
alebcay,awesome-shell,23700,https://github.com//alebcay/awesome-shell
jaywcjlove,linux-command,18800,https://github.com//jaywcjlove/linux-command
withfig,autocomplete,18200,https://github.com//withfig/autocomplete
dylanaraps,neofetch,15400,https://github.com//dylanaraps/neofetch
Nyr,openvpn-install,15200,https://github.com//Nyr/openvpn-install
rbenv,rbenv,14200,https://github.com//rbenv/rbenv
powerline,powerline,13300,https://github.com//powerline/powerline
shelljs,shelljs,13300,https://github.com//shelljs/shelljs
Bash-it,bash-it,13000,https://github.com//Bash-it/bash-it
faressoft,terminalizer,12700,https://github.com//faressoft/terminalizer
jessfraz,dockerfiles,12600,https://github.com//jessfraz/dockerfiles
denisidoro,navi,11200,https://github.com//denisidoro/navi
codota,TabNine,9200,https://github.com//codota/TabNine
direnv,direnv,9100,https://github.com//direnv/direnv
carlospolop,PEASS-ng,9000,https://github.com//carlospolop/PEASS-ng
skywind3000,awesome-cheatsheets,8900,https://github.com//skywind3000/awesome-cheatsheets
rgcr,m-cli,8900,https://github.com//rgcr/m-cli
alexanderepstein,Bash-Snippets,8700,https://github.com//alexanderepstein/Bash-Snippets
kanaka,mal,8700,https://github.com//kanaka/mal
angristan,openvpn-install,8200,https://github.com//angristan/openvpn-install
bitcoin,bitcoin,64599,https://github.com//bitcoin/bitcoin
ccxt,ccxt,24800,https://github.com//ccxt/ccxt
freqtrade,freqtrade,17700,https://github.com//freqtrade/freqtrade
HelloZeroNet,ZeroNet,17500,https://github.com//HelloZeroNet/ZeroNet
askmike,gekko,9900,https://github.com//askmike/gekko
bbfamily,abu,9100,https://github.com//bbfamily/abu
solana-labs,solana,8900,https://github.com//solana-labs/solana
lbryio,lbry-sdk,7100,https://github.com//lbryio/lbry-sdk
dvf,blockchain,7000,https://github.com//dvf/blockchain
yeasy,blockchain_guide,6100,https://github.com//yeasy/blockchain_guide
lightningnetwork,lnd,6100,https://github.com//lightningnetwork/lnd
spesmilo,electrum,5700,https://github.com//spesmilo/electrum
butor,blackbird,5600,https://github.com//butor/blackbird
btcsuite,btcd,4800,https://github.com//btcsuite/btcd
bitcoinjs,bitcoinjs-lib,4600,https://github.com//bitcoinjs/bitcoinjs-lib
bitcoinj,bitcoinj,4300,https://github.com//bitcoinj/bitcoinj
CryptoSignal,Crypto-Signal,4000,https://github.com//CryptoSignal/Crypto-Signal
bisq-network,bisq,4000,https://github.com//bisq-network/bisq
jesse-ai,jesse,4000,https://github.com//jesse-ai/jesse
coinpride,CryptoList,3700,https://github.com//coinpride/CryptoList
michaelgrosner,tribeca,3700,https://github.com//michaelgrosner/tribeca
RomelTorres,alpha_vantage,3700,https://github.com//RomelTorres/alpha_vantage
btcpayserver,btcpayserver,3600,https://github.com//btcpayserver/btcpayserver
Zheaoli,awesome-coins,3600,https://github.com//Zheaoli/awesome-coins
bitpay,wallet,3500,https://github.com//bitpay/wallet
Jeiwan,blockchain_go,3400,https://github.com//Jeiwan/blockchain_go
SqueezerIO,squeezer,3300,https://github.com//SqueezerIO/squeezer
cointop-sh,cointop,3200,https://github.com//cointop-sh/cointop
bitcoin-wallet,bitcoin-wallet,2900,https://github.com//bitcoin-wallet/bitcoin-wallet
ctubio,Krypto-trading-bot,2800,https://github.com//ctubio/Krypto-trading-bot
twbs,bootstrap,158000,https://github.com//twbs/bootstrap
ColorlibHQ,AdminLTE,41100,https://github.com//ColorlibHQ/AdminLTE
tabler,tabler,26000,https://github.com//tabler/tabler
mdbootstrap,mdb-ui-kit,22300,https://github.com//mdbootstrap/mdb-ui-kit
react-bootstrap,react-bootstrap,20800,https://github.com//react-bootstrap/react-bootstrap
ColorlibHQ,gentelella,20500,https://github.com//ColorlibHQ/gentelella
verekia,js-stack-from-scratch,19100,https://github.com//verekia/js-stack-from-scratch
bootstrap-vue,bootstrap-vue,13900,https://github.com//bootstrap-vue/bootstrap-vue
thomaspark,bootswatch,13600,https://github.com//thomaspark/bootswatch
uxsolutions,bootstrap-datepicker,12500,https://github.com//uxsolutions/bootstrap-datepicker
wenzhixin,bootstrap-table,11300,https://github.com//wenzhixin/bootstrap-table
coreui,coreui-free-bootstrap-admin-template,11200,https://github.com//coreui/coreui-free-bootstrap-admin-template
reactstrap,reactstrap,10300,https://github.com//reactstrap/reactstrap
Templarian,MaterialDesign,10200,https://github.com//Templarian/MaterialDesign
snapappointments,bootstrap-select,9600,https://github.com//snapappointments/bootstrap-select
mdbootstrap,material-design-for-bootstrap,9500,https://github.com//mdbootstrap/material-design-for-bootstrap
StartBootstrap,startbootstrap-sb-admin-2,9200,https://github.com//StartBootstrap/startbootstrap-sb-admin-2
ng-bootstrap,ng-bootstrap,7900,https://github.com//ng-bootstrap/ng-bootstrap
BlackrockDigital,startbootstrap,7200,https://github.com//BlackrockDigital/startbootstrap
olton,Metro-UI-CSS,6900,https://github.com//olton/Metro-UI-CSS
twbs,icons,6200,https://github.com//twbs/icons
creativetimofficial,material-kit,5700,https://github.com//creativetimofficial/material-kit
febsteam,FEBS-Shiro,5700,https://github.com//febsteam/FEBS-Shiro
valor-software,ngx-bootstrap,5400,https://github.com//valor-software/ngx-bootstrap
kartik-v,bootstrap-fileinput,5200,https://github.com//kartik-v/bootstrap-fileinput
Bttstrp,bootstrap-switch,5100,https://github.com//Bttstrp/bootstrap-switch
jschr,bootstrap-modal,5000,https://github.com//jschr/bootstrap-modal
givanz,VvvebJs,4900,https://github.com//givanz/VvvebJs
cloudfavorites,favorites-web,4500,https://github.com//cloudfavorites/favorites-web
seyhunak,twitter-bootstrap-rails,4500,https://github.com//seyhunak/twitter-bootstrap-rails
ccxt,ccxt,24800,https://github.com//ccxt/ccxt
discordjs,discord.js,19500,https://github.com//discordjs/discord.js
python-telegram-bot,python-telegram-bot,18800,https://github.com//python-telegram-bot/python-telegram-bot
hubotio,hubot,16200,https://github.com//hubotio/hubot
RasaHQ,rasa,14400,https://github.com//RasaHQ/rasa
InstaPy,InstaPy,14300,https://github.com//InstaPy/InstaPy
wechaty,wechaty,12900,https://github.com//wechaty/wechaty
gunthercox,ChatterBot,12300,https://github.com//gunthercox/ChatterBot
tgbot-collection,YYeTsBot,11400,https://github.com//tgbot-collection/YYeTsBot
Rapptz,discord.py,10800,https://github.com//Rapptz/discord.py
howdyai,botkit,10700,https://github.com//howdyai/botkit
botpress,botpress,9700,https://github.com//botpress/botpress
sfyc23,EverydayWechat,9000,https://github.com//sfyc23/EverydayWechat
leon-ai,leon,8800,https://github.com//leon-ai/leon
microsoft,ailab,7100,https://github.com//microsoft/ailab
EZFNDEV,EZFN-Lobbybot,6900,https://github.com//EZFNDEV/EZFN-Lobbybot
microsoft,botframework-sdk,6800,https://github.com//microsoft/botframework-sdk
pedroslopez,whatsapp-web.js,6800,https://github.com//pedroslopez/whatsapp-web.js
yagop,node-telegram-bot-api,6200,https://github.com//yagop/node-telegram-bot-api
maxbbraun,trump2cash,6100,https://github.com//maxbbraun/trump2cash
deepmipt,DeepPavlov,5800,https://github.com//deepmipt/DeepPavlov
telegraf,telegraf,5800,https://github.com//telegraf/telegraf
botman,botman,5600,https://github.com//botman/botman
Mrs4s,go-cqhttp,5100,https://github.com//Mrs4s/go-cqhttp
axa-group,nlp.js,4900,https://github.com//axa-group/nlp.js
jef,streetmerchant,4800,https://github.com//jef/streetmerchant
BotsAppOfficial,BotsApp,4300,https://github.com//BotsAppOfficial/BotsApp
ohld,igbot,4200,https://github.com//ohld/igbot
jesse-ai,jesse,4000,https://github.com//jesse-ai/jesse
orkestral,venom,3900,https://github.com//orkestral/venom
Genymobile,scrcpy,66300,https://github.com//Genymobile/scrcpy
neovim,neovim,54300,https://github.com//neovim/neovim
git,git,42400,https://github.com//git/git
obsproject,obs-studio,38900,https://github.com//obsproject/obs-studio
fffaraz,awesome-cpp,37800,https://github.com//fffaraz/awesome-cpp
serhii-londar,open-source-mac-os-apps,30500,https://github.com//serhii-londar/open-source-mac-os-apps
FFmpeg,FFmpeg,30100,https://github.com//FFmpeg/FFmpeg
vim,vim,27300,https://github.com//vim/vim
curl,curl,25400,https://github.com//curl/curl
huihut,interview,24500,https://github.com//huihut/interview
ggreer,the_silver_searcher,23700,https://github.com//ggreer/the_silver_searcher
ruby,ruby,19200,https://github.com//ruby/ruby
mpv-player,mpv,18900,https://github.com//mpv-player/mpv
pbatard,rufus,18500,https://github.com//pbatard/rufus
ossrs,srs,18300,https://github.com//ossrs/srs
google,flatbuffers,18000,https://github.com//google/flatbuffers
oracle,graal,17100,https://github.com//oracle/graal
radareorg,radare2,16400,https://github.com//radareorg/radare2
microsoft,vcpkg,15900,https://github.com//microsoft/vcpkg
kovidgoyal,kitty,14900,https://github.com//kovidgoyal/kitty
shadowsocks,shadowsocks-libev,14900,https://github.com//shadowsocks/shadowsocks-libev
allinurl,goaccess,14800,https://github.com//allinurl/goaccess
hashcat,hashcat,14700,https://github.com//hashcat/hashcat
jarun,nnn,14300,https://github.com//jarun/nnn
TheAlgorithms,C,13700,https://github.com//TheAlgorithms/C
vurtun,nuklear,13400,https://github.com//vurtun/nuklear
facebook,infer,13300,https://github.com//facebook/infer
CoatiSoftware,Sourcetrail,12700,https://github.com//CoatiSoftware/Sourcetrail
qmk,qmk_firmware,12600,https://github.com//qmk/qmk_firmware
s-matyukevich,raspberry-pi-os,11500,https://github.com//s-matyukevich/raspberry-pi-os
electron,electron,102000,https://github.com//electron/electron
microsoft,playwright,39100,https://github.com//microsoft/playwright
FiloSottile,mkcert,35500,https://github.com//FiloSottile/mkcert
iamadamdev,bypass-paywalls-chrome,26500,https://github.com//iamadamdev/bypass-paywalls-chrome
ovity,octotree,22000,https://github.com//ovity/octotree
segmentio,nightmare,19200,https://github.com//segmentio/nightmare
jaywcjlove,linux-command,18800,https://github.com//jaywcjlove/linux-command
checkly,headless-recorder,14200,https://github.com//checkly/headless-recorder
prisma-archive,chromeless,13200,https://github.com//prisma-archive/chromeless
google,WebFundamentals,13200,https://github.com//google/WebFundamentals
casesandberg,react-color,10700,https://github.com//casesandberg/react-color
GoogleChrome,chrome-extensions-samples,10100,https://github.com//GoogleChrome/chrome-extensions-samples
crimx,ext-saladict,9200,https://github.com//crimx/ext-saladict
gildas-lormeau,SingleFile,8600,https://github.com//gildas-lormeau/SingleFile
MetaMask,metamask-extension,8200,https://github.com//MetaMask/metamask-extension
uBlock-LLC,uBlock,8100,https://github.com//uBlock-LLC/uBlock
chromedp,chromedp,7700,https://github.com//chromedp/chromedp
alvarcarto,url-to-pdf-api,6600,https://github.com//alvarcarto/url-to-pdf-api
kangvcar,InfoSpider,6200,https://github.com//kangvcar/InfoSpider
Kenshin,simpread,6000,https://github.com//Kenshin/simpread
yujiosaka,headless-chrome-crawler,5200,https://github.com//yujiosaka/headless-chrome-crawler
MontFerret,ferret,5000,https://github.com//MontFerret/ferret
ajayyy,SponsorBlock,4900,https://github.com//ajayyy/SponsorBlock
moonD4rk,HackBrowserData,4800,https://github.com//moonD4rk/HackBrowserData
themerdev,themer,4700,https://github.com//themerdev/themer
alyssaxuu,omni,4700,https://github.com//alyssaxuu/omni
browserless,chrome,4600,https://github.com//browserless/chrome
firefox-devtools,debugger,4600,https://github.com//firefox-devtools/debugger
burtonator,polar-bookshelf,4500,https://github.com//burtonator/polar-bookshelf
nieweidong,fetool,4400,https://github.com//nieweidong/fetool
iamadamdev,bypass-paywalls-chrome,26500,https://github.com//iamadamdev/bypass-paywalls-chrome
jaywcjlove,linux-command,18800,https://github.com//jaywcjlove/linux-command
refined-github,refined-github,18000,https://github.com//refined-github/refined-github
checkly,headless-recorder,14200,https://github.com//checkly/headless-recorder
darkreader,darkreader,14200,https://github.com//darkreader/darkreader
unbug,codelf,12900,https://github.com//unbug/codelf
Anarios,return-youtube-dislike,9500,https://github.com//Anarios/return-youtube-dislike
crimx,ext-saladict,9200,https://github.com//crimx/ext-saladict
gildas-lormeau,SingleFile,8600,https://github.com//gildas-lormeau/SingleFile
listen1,listen1_chrome_extension,8500,https://github.com//listen1/listen1_chrome_extension
appbaseio,dejavu,7800,https://github.com//appbaseio/dejavu
dailydotdev,daily,7300,https://github.com//dailydotdev/daily
alyssaxuu,screenity,7200,https://github.com//alyssaxuu/screenity
Kenshin,simpread,6000,https://github.com//Kenshin/simpread
ajayyy,SponsorBlock,4900,https://github.com//ajayyy/SponsorBlock
dessant,buster,4900,https://github.com//dessant/buster
manojVivek,medium-unlimited,4800,https://github.com//manojVivek/medium-unlimited
AutomaApp,automa,4700,https://github.com//AutomaApp/automa
alyssaxuu,omni,4700,https://github.com//alyssaxuu/omni
webclipper,web-clipper,4200,https://github.com//webclipper/web-clipper
altair-graphql,altair,4200,https://github.com//altair-graphql/altair
zxlie,FeHelper,4100,https://github.com//zxlie/FeHelper
openstyles,stylus,3900,https://github.com//openstyles/stylus
bilibili-helper,bilibili-helper-o,3800,https://github.com//bilibili-helper/bilibili-helper-o
dejan,rails_panel,3700,https://github.com//dejan/rails_panel
hcfyapp,crx-selection-translate,3700,https://github.com//hcfyapp/crx-selection-translate
KartikTalwar,gmail.js,3500,https://github.com//KartikTalwar/gmail.js
honestbleeps,Reddit-Enhancement-Suite,3500,https://github.com//honestbleeps/Reddit-Enhancement-Suite
WorldBrain,Memex,3500,https://github.com//WorldBrain/Memex
vinta,pangu.js,3500,https://github.com//vinta/pangu.js
