Username,Repo Name,Stars
mrdoob,three.js,82.7k
libgdx,libgdx,20.1k
pmndrs,react-three-fiber,18.3k
BabylonJS,Babylon.js,17.5k
aframevr,aframe,14.3k
ssloy,tinyrenderer,13.9k
lettier,3d-game-shaders-for-beginners,13.1k
FreeCAD,FreeCAD,11.5k
metafizzy,zdog,9.2k
CesiumGS,cesium,8.8k
ljianshu,Blog,7.1k
metafizzy,infinite-scroll,7.1k
developit,unfetch,5.3k
jquery-form,form,5.1k
olifolkerd,tabulator,4.7k
Studio-42,elFinder,4.3k
ded,reqwest,2.9k
dwyl,learn-to-send-email-via-google-script-html-no-server,2.8k
elbywan,wretch,2.4k
LeaVerou,bliss,2.4k
jwasham,coding-interview-university,222k
CyC2018,CS-Notes,152k
trekhleb,javascript-algorithms,143k
TheAlgorithms,Python,138k
yangshun,tech-interview-handbook,71.9k
kdn251,interviews,57.5k
azl397985856,leetcode,48.3k
TheAlgorithms,Java,46.4k
algorithm-visualizer,algorithm-visualizer,37.1k
youngyangyang04,leetcode-master,28.1k
milligram,milligram,9.7k
ampproject,amp-wp,1.7k
AlexHex7,Non-local_pytorch,1.4k
wprig,wprig,1.2k
ampproject,amp-by-example,757
GoogleForCreators,web-stories-wp,678
EmbeddedRPC,erpc,426
ampproject,amp-toolbox,423
DeepVAC,deepvac,421
iheartradio,ficus,322
flutter,flutter,142k
justjavac,free-programming-books-zh_CN,93.3k
Genymobile,scrcpy,66.3k
Hack-with-Github,Awesome-Hacking,51.4k
google,material-design-icons,45.9k
wasabeef,awesome-android-ui,42.8k
square,okhttp,42.3k
android,architecture-samples,41k
Solido,awesome-flutter,41k
square,retrofit,40.1k
justjavac,free-programming-books-zh_CN,93.3k
angular,angular,82k
storybookjs,storybook,71.6k
leonardomso,33-js-concepts,49.4k
ionic-team,ionic-framework,47.4k
prettier,prettier,42.8k
SheetJS,sheetjs,30.4k
angular,angular-cli,25.4k
angular,components,22.7k
NativeScript,NativeScript,21.3k
ansible,ansible,53.5k
trailofbits,algo,25.6k
bregman-arie,devops-exercises,25.5k
StreisandEffect,streisand,22.8k
MichaelCade,90DaysOfDevOps,13.6k
kubernetes-sigs,kubespray,12.4k
ansible,awx,11.1k
easzlab,kubeasz,8.2k
geerlingguy,ansible-for-devops,5.9k
khuedoan,homelab,5.8k
public-apis,public-apis,196k
neovim,neovim,54.4k
tiangolo,fastapi,46.2k
strapi,strapi,45.6k
hoppscotch,hoppscotch,44.3k
slatedocs,slate,34.2k
meilisearch,meilisearch,27.4k
hasura,graphql-engine,27.2k
ccxt,ccxt,24.8k
Binaryify,NeteaseCloudMusicApi,24.4k
arendst,Tasmota,17.7k
MarlinFirmware,Marlin,13.3k
arduino,Arduino,12.9k
rwaldron,johnny-five,12.7k
tinygo-org,tinygo,10.9k
SpacehuhnTech,esp8266_deauther,10.1k
espressif,arduino-esp32,8.8k
hybridgroup,gobot,7.8k
gurugio,lowlevelprogramming-university,7.6k
platformio,platformio-core,5.9k
dotnet,AspNetCore.Docs,10.6k
SignalR,SignalR,8.7k
tennc,webshell,8.1k
FAQGURU,FAQGURU,4.7k
YSGStudyHards,DotNetGuide,1.2k
blogifierdotnet,Blogifier,1.1k
SteeltoeOSS,Samples,620
mixcore,mix.core,493
NewLifeX,NewLife.Cube,477
priore,SOAPEngine,477
atom,atom,58.1k
themerdev,themer,4.7k
nteract,hydrogen,3.8k
miniflux,v2,3.7k
shd101wyy,markdown-preview-enhanced,3.7k
atom,teletype,2.4k
mmcdole,gofeed,1.9k
mehcode,awesome-atom,1.9k
joefitzgerald,go-plus,1.5k
Glavin001,atom-beautify,1.5k
jaywcjlove,awesome-mac,49.6k
ziadoz,awesome-php,26.6k
matteocrippa,awesome-swift,22.1k
sdras,awesome-actions,17.9k
iCHAIT,awesome-macOS,13k
The-Art-of-Hacking,h4cker,11.6k
rShetty,awesome-podcasts,10.9k
k4m4,terminals-are-sexy,10.6k
huyingjie,Checklist-Checklist,2.4k
hwalsuklee,awesome-deep-text-detection-recognition,2.4k
weaveworks,eksctl,3.9k
widdix,aws-cf-templates,2.5k
aws-samples,aws-workshop-for-kubernetes,2.5k
cloudutil,AutoSpotting,2.1k
aws-amplify,aws-sdk-ios,1.6k
dwyl,learn-aws-lambda,996
aws-amplify,aws-sdk-android,929
widdix,aws-ec2-ssh,826
docker,compose-cli,814
broamski,aws-mfa,803
bregman-arie,devops-exercises,25.5k
microsoft,recommenders,13.4k
ramitsurana,awesome-kubernetes,12.8k
pulumi,pulumi,12.7k
Azure,azure-quickstart-templates,11.9k
mozilla,sops,10k
caprover,caprover,8.7k
microsoft,computervision-recipes,8.5k
google,go-cloud,8.4k
microsoft,azuredatastudio,6.8k
babel,babel,41k
nylas,nylas-mail,24.7k
swc-project,swc,22.5k
kriasoft,react-starter-kit,21.2k
avajs,ava,19.8k
electron-react-boilerplate,electron-react-boilerplate,19.7k
SimulatedGREG,electron-vue,14.9k
grab,front-end-guide,14.4k
jamiebuilds,babel-handbook,11k
grommet,grommet,7.9k
jlevy,the-art-of-command-line,107k
nvm-sh,nvm,58.5k
junegunn,fzf,45k
google,zx,31.7k
dylanaraps,pure-bash-bible,31.2k
koalaman,shellcheck,29k
LeCoupa,awesome-cheatsheets,28.9k
mathiasbynens,dotfiles,27.9k
acmesh-official,acme.sh,27k
starship,starship,26.8k
bitcoin,bitcoin,64.6k
ccxt,ccxt,24.8k
freqtrade,freqtrade,18k
HelloZeroNet,ZeroNet,17.5k
askmike,gekko,9.9k
bbfamily,abu,9.1k
solana-labs,solana,8.9k
lbryio,lbry-sdk,7.1k
dvf,blockchain,7k
yeasy,blockchain_guide,6.1k
twbs,bootstrap,158k
ColorlibHQ,AdminLTE,41.1k
tabler,tabler,26k
mdbootstrap,mdb-ui-kit,22.3k
react-bootstrap,react-bootstrap,20.8k
ColorlibHQ,gentelella,20.5k
verekia,js-stack-from-scratch,19.2k
bootstrap-vue,bootstrap-vue,13.9k
thomaspark,bootswatch,13.6k
uxsolutions,bootstrap-datepicker,12.5k
ccxt,ccxt,24.8k
discordjs,discord.js,19.6k
python-telegram-bot,python-telegram-bot,18.8k
hubotio,hubot,16.2k
RasaHQ,rasa,14.4k
InstaPy,InstaPy,14.3k
wechaty,wechaty,12.9k
gunthercox,ChatterBot,12.3k
tgbot-collection,YYeTsBot,11.4k
Rapptz,discord.py,10.8k
Genymobile,scrcpy,66.3k
neovim,neovim,54.4k
git,git,42.4k
obsproject,obs-studio,39k
fffaraz,awesome-cpp,37.9k
serhii-londar,open-source-mac-os-apps,30.5k
FFmpeg,FFmpeg,30.1k
vim,vim,27.3k
curl,curl,25.4k
huihut,interview,24.5k
electron,electron,102k
microsoft,playwright,39.1k
FiloSottile,mkcert,35.5k
iamadamdev,bypass-paywalls-chrome,26.6k
ovity,octotree,22k
segmentio,nightmare,19.2k
jaywcjlove,linux-command,18.8k
checkly,headless-recorder,14.2k
prisma-archive,chromeless,13.2k
google,WebFundamentals,13.2k
iamadamdev,bypass-paywalls-chrome,26.6k
jaywcjlove,linux-command,18.8k
refined-github,refined-github,18k
checkly,headless-recorder,14.2k
darkreader,darkreader,14.2k
unbug,codelf,12.9k
Anarios,return-youtube-dislike,9.5k
crimx,ext-saladict,9.2k
gildas-lormeau,SingleFile,8.6k
listen1,listen1_chrome_extension,8.5k
extrawurst,gitui,8.2k
o2sh,onefetch,5.3k
shobrook,rebound,3.8k
kellyjonbrazil,jc,3.8k
b4b4r07,enhancd,2.1k
reactopt,reactopt,2k
p-gen,smenu,2k
CITGuru,PyInquirer,1.6k
npkgz,cli-progress,694
hugovk,em-keyboard,289
metabase,metabase,28.8k
logseq,logseq,14.5k
eclipse,deeplearning4j,12.5k
LightTable,LightTable,11.7k
penpot,penpot,10.5k
kanaka,mal,8.7k
lk-geimfari,awesomo,8.4k
tonsky,datascript,4.8k
reagent-project,reagent,4.5k
riemann,riemann,4.1k
realm,SwiftLint,16.2k
facebook,infer,13.3k
analysis-tools-dev,static-analysis,10k
checkstyle,checkstyle,7.1k
SonarSource,sonarqube,6.9k
Kristories,awesome-guidelines,6.7k
facebook,pyre-check,5.9k
reviewdog,reviewdog,5.2k
detekt,detekt,4.6k
simplecov-ruby,simplecov,4.4k
ovity,octotree,22k
gitpod-io,gitpod,8.3k
reviewdog,reviewdog,5.2k
danger,danger,4.9k
danger,danger-js,4.5k
joho,awesome-code-review,3.4k
ajinabraham,nodejsscan,2k
microsoft,vscode-pull-request-github,1.9k
mbj,mutant,1.8k
crev-dev,cargo-crev,1.6k
vercel,next.js,88k
rust-lang,rust,67.6k
webpack,webpack,61.2k
sveltejs,svelte,59.4k
gatsbyjs,gatsby,53.1k
JetBrains,kotlin,41.8k
babel,babel,41k
parcel-bundler,parcel,40.9k
evanw,esbuild,32.1k
vlang,v,29.3k
localstack,localstack,41.5k
harness,drone,25.2k
jenkinsci,jenkins,19k
auchenberg,volkswagen,12.3k
openshift,origin,8.1k
theonedev,onedev,7.8k
gocd,gocd,6.5k
concourse,concourse,6.4k
buildbot,buildbot,4.8k
gaia-pipeline,gaia,4.7k
CSSEGISandData,COVID-19,28.8k
covid19india,covid19india-react,6.9k
nytimes,covid-19-data,6.8k
tokyo-metropolitan-gov,covid19,6.4k
owid,covid-19-data,5.3k
pcm-dpc,COVID-19,3.9k
ieee8023,covid-chestxray-dataset,2.8k
disease-sh,API,2.4k
geohot,corona,2.2k
WorldHealthOrganization,app,2.1k
CyC2018,CS-Notes,152k
practical-tutorials,project-based-learning,68.8k
azl397985856,leetcode,48.3k
x64dbg,x64dbg,38.6k
fffaraz,awesome-cpp,37.9k
youngyangyang04,leetcode-master,28.1k
microsoft,calculator,25k
huihut,interview,24.5k
CMU-Perceptual-Computing-Lab,openpose,24.4k
yuzu-emu,yuzu,20.5k
bitcoin,bitcoin,64.6k
ccxt,ccxt,24.8k
freqtrade,freqtrade,18k
OpenBB-finance,OpenBBTerminal,12.2k
lbryio,lbry-sdk,7.1k
monero-project,monero,7k
xmrig,xmrig,7k
dvf,blockchain,7k
lightningnetwork,lnd,6.1k
tendermint,tendermint,5k
crystal-lang,crystal,17.6k
kemalcr,kemal,3.3k
veelenga,awesome-crystal,3k
amberframework,amber,2.4k
luckyframework,lucky,2.3k
ffwff,lilith,1.1k
hkalexling,Mango,1.1k
drujensen,fib,782
amethyst-framework,amethyst,644
askn,crystal-by-example,521
Genymobile,scrcpy,66.3k
neovim,neovim,54.4k
git,git,42.4k
obsproject,obs-studio,39k
fffaraz,awesome-cpp,37.9k
serhii-londar,open-source-mac-os-apps,30.5k
FFmpeg,FFmpeg,30.1k
vim,vim,27.3k
curl,curl,25.4k
huihut,interview,24.5k
twbs,bootstrap,158k
electron,electron,102k
animate-css,animate.css,74.8k
FortAwesome,Font-Awesome,69.5k
thedaviddias,Front-End-Checklist,60.2k
tailwindlabs,tailwindcss,57.8k
microsoft,Web-Dev-For-Beginners,53.1k
h5bp,html5-boilerplate,52.9k
necolas,normalize.css,47.8k
jgthms,bulma,45.7k
jwasham,coding-interview-university,222k
trekhleb,javascript-algorithms,143k
labuladong,fucking-algorithm,107k
azl397985856,leetcode,48.3k
TheAlgorithms,Java,46.4k
raywenderlich,swift-algorithm-club,26.5k
huihut,interview,24.5k
TheAlgorithms,JavaScript,20.2k
TheAlgorithms,C-Plus-Plus,19.7k
TheAlgorithms,C,13.7k
d3,d3,102k
apache,echarts,51.4k
grafana,grafana,49.5k
apache,superset,46.6k
pixijs,pixijs,36.6k
metabase,metabase,28.8k
streamlit,streamlit,19.5k
academic,awesome-datascience,18.9k
plotly,dash,16.6k
directus,directus,16.3k
etcd-io,etcd,40.2k
pingcap,tidb,31.6k
SheetJS,sheetjs,30.4k
LeCoupa,awesome-cheatsheets,28.9k
metabase,metabase,28.8k
typeorm,typeorm,28.5k
meilisearch,meilisearch,27.4k
dbeaver,dbeaver,26.9k
cockroachdb,cockroach,24.9k
huihut,interview,24.5k
tensorflow,tensorflow,166k
huggingface,transformers,65.1k
opencv,opencv,62.1k
pytorch,pytorch,56.6k
keras-team,keras,55.4k
aymericdamien,TensorFlow-Examples,42k
deepfakes,faceswap,41.4k
Avik-Jain,100-Days-Of-ML-Code,37.6k
CorentinJ,Real-Time-Voice-Cloning,35.2k
iperov,DeepFaceLab,33.2k
GetStream,vg,1.2k
ehmicky,nve,572
coenjacobs,mozart,334
thoth-station,micropipenv,168
netlify,framework-info,108
aaronpeikert,reproducible-research,105
pichillilorenzo,deps-report,82
stempler,bnd-platform,75
momosecurity,mosec-maven-plugin,77
silverwind,updates,77
fastlane,fastlane,35.1k
ray-project,ray,20.9k
capistrano,capistrano,12.2k
deployphp,deployer,9.3k
caprover,caprover,8.7k
apex,up,8.6k
AppImage,AppImageKit,7.3k
chef,chef,6.9k
node-config,node-config,5.6k
shipitjs,shipit,5.3k
django,django,64.6k
getsentry,sentry,31.1k
LeCoupa,awesome-cheatsheets,28.9k
encode,django-rest-framework,23.6k
jumpserver,jumpserver,18.6k
saleor,saleor,16.3k
wagtail,wagtail,12.2k
Miserlou,Zappa,11.9k
ansible,awx,11.1k
cookiecutter,cookiecutter-django,9.4k
moby,moby,63.3k
netdata,netdata,59.6k
macrozheng,mall,59k
traefik,traefik,38.5k
wagoodman,dive,32.2k
Kong,kong,32.1k
mastodon,mastodon,29.4k
LeCoupa,awesome-cheatsheets,28.9k
ityouknow,spring-boot-examples,27.6k
docker,compose,26.3k
jlevy,the-art-of-command-line,107k
storybookjs,storybook,71.6k
tldr-pages,tldr,39k
facebook,docusaurus,34k
satwikkansal,wtfpython,31k
chubin,cheat.sh,29.4k
freeCodeCamp,devdocs,28.9k
doczjs,docz,22.7k
docsifyjs,docsify,20.9k
shimohq,chinese-programmer-wrong-pronunciation,17.8k
dotnet,aspnetcore,28.7k
SeleniumHQ,selenium,23.9k
files-community,Files,22.7k
dotnet,corefx,17.9k
dotnet,core,17.7k
dotnet,maui,15.9k
icsharpcode,ILSpy,15.2k
jellyfin,jellyfin,15.1k
microsoft,react-native-windows,14.8k
quozd,awesome-dotnet,14.8k
microsoft,vscode,133k
electron,electron,102k
atom,atom,58.1k
microsoft,playwright,39.1k
GitSquared,edex-ui,35.5k
marktext,marktext,32.6k
agalwood,Motrix,32k
nativefier,nativefier,30.7k
laurent22,joplin,30.1k
typeorm,typeorm,28.5k
phoenixframework,phoenix,18k
asdf-vm,asdf,14.7k
plausible,analytics,11.4k
benawad,dogehouse,9.2k
lk-geimfari,awesomo,8.4k
oldratlee,translations,6.3k
supabase,realtime,5k
papercups-io,papercups,4.8k
rrrene,credo,4.3k
christopheradams,elixir_style_guide,4k
syl20bnr,spacemacs,22.3k
doomemacs,doomemacs,14.3k
atlas-engineer,nyxt,7.7k
emacs-tw,awesome-emacs,7.1k
mickael-kerjean,filestash,6.4k
magit,magit,5.6k
bbatsov,prelude,4.8k
remacs,remacs,4.5k
emacs-lsp,lsp-mode,4k
jwiegley,use-package,3.9k
storybookjs,storybook,71.6k
TryGhost,Ghost,40.4k
discourse,discourse,35.8k
emberjs,ember.js,22.2k
text-mask,text-mask,8.1k
getsentry,sentry-javascript,6.3k
szimek,sharedrop,5.6k
ember-cli,ember-cli,3.3k
emberjs,data,3k
simplabs,ember-simple-auth,1.9k
Textualize,rich,38k
marktext,marktext,32.6k
twitter,twemoji,14.3k
carloscuesta,gitmoji,11.9k
ikatyang,emoji-cheat-sheet,7.4k
tindy2013,subconverter,6.2k
missive,emoji-mart,5.5k
github,gemoji,4k
carloscuesta,gitmoji-cli,3.8k
Coding,Coding-iOS,3.8k
yuzu-emu,yuzu,20.5k
copy,v86,14.9k
OpenEmu,OpenEmu,13.9k
Ryujinx,Ryujinx,12.1k
ish-app,ish,12k
ruffle-rs,ruffle,10k
dolphin-emu,dolphin,8.7k
skyline-emu,skyline,8.6k
amitshekhariitbhu,Android-Debug-Database,8k
felixrieseberg,macintosh.js,7.8k
airbnb,javascript,124k
goldbergyoni,nodebestpractices,78.4k
standard,standard,27.1k
eslint,eslint,20.7k
electron-react-boilerplate,electron-react-boilerplate,19.7k
verekia,js-stack-from-scratch,19.2k
grab,front-end-guide,14.4k
typescript-eslint,typescript-eslint,11.7k
okonet,lint-staged,10.4k
jsx-eslint,eslint-plugin-react,7.8k
ethereum,go-ethereum,37.9k
ccxt,ccxt,24.8k
OpenZeppelin,openzeppelin-contracts,18.5k
ethereum,solidity,17.1k
ethereumbook,ethereumbook,15.3k
ChainSafe,web3.js,15.3k
trufflesuite,truffle,13.3k
smartcontractkit,full-blockchain-solidity-course-py,8.2k
MetaMask,metamask-extension,8.2k
ethereum,mist,7.4k
goldbergyoni,nodebestpractices,78.4k
expressjs,express,57.3k
gofiber,fiber,20.5k
jaredhanson,passport,20.3k
goldbergyoni,javascript-testing-best-practices,17.8k
nswbmw,N-blog,15.1k
apollographql,apollo-server,12.7k
linnovate,mean,12.2k
bailicangdu,node-elm,11.5k
graphile,postgraphile,11.4k
supabase,supabase,34.4k
appwrite,appwrite,22.7k
pubkey,rxdb,17.6k
firebase,functions-samples,11k
invertase,react-native-firebase,10k
firebase,quickstart-android,8.1k
angular,angularfire,7.2k
firebase,flutterfire,6.8k
microg,GmsCore,4.8k
Th3Wall,Fakeflix,4.6k
microsoft,playwright,39.1k
FiloSottile,mkcert,35.5k
gorhill,uBlock,30.7k
iamadamdev,bypass-paywalls-chrome,26.6k
ovity,octotree,22k
ArchiveBox,ArchiveBox,13.5k
mozilla-mobile,firefox-ios,10.9k
Anarios,return-youtube-dislike,9.5k
crimx,ext-saladict,9.2k
gildas-lormeau,SingleFile,8.6k
pallets,flask,59.3k
apache,superset,46.6k
plotly,dash,16.6k
jhao104,proxy_pool,15.4k
Miserlou,Zappa,11.9k
humiaozuzu,awesome-flask,10.6k
miguelgrinberg,flasky,7.8k
jofpin,trape,7.1k
dvf,blockchain,7k
pyeve,eve,6.5k
FortAwesome,Font-Awesome,69.5k
tonsky,FiraCode,64.4k
ryanoasis,nerd-fonts,36.1k
you-dont-need,You-Dont-Need-JavaScript,17.2k
source-foundry,Hack,14.9k
be5invis,Iosevka,14k
rsms,inter,13.9k
gztchan,awesome-design,13.7k
faressoft,terminalizer,12.7k
adobe-fonts,source-han-sans,11k
vuejs,vue,197k
laravel,laravel,69.9k
django,django,64.6k
spring-projects,spring-boot,61.7k
gin-gonic,gin,60.2k
rails,rails,50.9k
spring-projects,spring-framework,48k
nestjs,nest,47.6k
ionic-team,ionic-framework,47.4k
tiangolo,fastapi,46.2k
h5bp,Front-end-Developer-Interview-Questions,53.4k
yangshun,front-end-interview-handbook,34.3k
bevacqua,dragula,21.2k
haizlin,fe-interview,21.1k
qianguyihao,Web,20.1k
teambit,bit,15.3k
bower,bower,15.1k
grab,front-end-guide,14.4k
markyun,My-blog,11.3k
single-spa,single-spa,11.3k
godotengine,godot,49.6k
leereilly,games,19.5k
BabylonJS,Babylon.js,17.5k
bevyengine,bevy,16.6k
cocos2d,cocos2d-x,16.2k
aframevr,aframe,14.3k
liabru,matter-js,13.3k
OpenRA,OpenRA,11.5k
SFTtech,openage,11k
OpenDiablo2,OpenDiablo2,10.2k
github,gitignore,134k
gogs,gogs,40.3k
tiimgreen,github-cheat-sheet,35.2k
sharkdp,bat,35.1k
go-gitea,gitea,30.5k
cli,cli,28.9k
jesseduffield,lazygit,27.9k
typicode,husky,26.8k
bregman-arie,devops-exercises,25.5k
github,hub,21.8k
github,hub,21.8k
tipsy,profile-summary-for-github,19.6k
google,go-github,8.6k
devhubapp,devhub,8.2k
rzashakeri,beautify-github-profile,7.5k
lowlighter,metrics,7.3k
donnemartin,gitsome,7.2k
github-changelog-generator,github-changelog-generator,6.8k
michenriksen,gitrob,5.4k
PyGithub,PyGithub,5.3k
golang,go,101k
kubernetes,kubernetes,89.3k
avelino,awesome-go,82.1k
moby,moby,63.3k
gin-gonic,gin,60.2k
gohugoio,hugo,59.5k
fatedier,frp,57.2k
grafana,grafana,49.5k
syncthing,syncthing,45.2k
junegunn,fzf,45k
google-research,bert,31.4k
kelthuzadx,hosts,16.6k
google,yapf,12.6k
mxrch,GHunt,11.3k
firebase,functions-samples,11k
googleapis,google-api-nodejs-client,10k
google,dopamine,9.8k
tensorlayer,TensorLayer,7k
infracost,infracost,6.8k
firebase,flutterfire,6.8k
gradle,gradle,13.5k
GoogleContainerTools,jib,11.9k
inferjay,AndroidDevTools,7.3k
Meituan-Dianping,walle,6.4k
igorwojda,android-showcase,5.5k
hibernate,hibernate-orm,5k
mcxiaoke,packer-ng-plugin,4.8k
nisrulz,android-tips-tricks,4.6k
cabaletta,baritone,4.5k
Meituan-Dianping,Robust,4.2k
gatsbyjs,gatsby,53.1k
strapi,strapi,45.6k
hoppscotch,hoppscotch,44.3k
prettier,prettier,42.8k
TanStack,query,27.8k
hasura,graphql-engine,27.2k
Kong,insomnia,21.2k
kriasoft,react-starter-kit,21.2k
marmelab,react-admin,19.9k
parse-community,parse-server,19.6k
miniMAC,magic,7.6k
vigetlabs,blendid,5k
nieweidong,fetool,4.4k
assemble,assemble,4.1k
yeoman,generator-webapp,3.8k
Tencent,WeFlow,3.2k
EmailThis,extension-boilerplate,3k
MicrosoftDX,Vorlonjs,2.9k
nas5w,100-days-of-code-frontend,2.5k
Tencent,tmt-workflow,2.2k
freeCodeCamp,freeCodeCamp,347k
EbookFoundation,free-programming-books,235k
ohmyzsh,ohmyzsh,146k
TheAlgorithms,Python,138k
axios,axios,93.9k
avelino,awesome-go,82.1k
mui,material-ui,79k
iluwatar,java-design-patterns,75.4k
huggingface,transformers,65.1k
gohugoio,hugo,59.5k
koalaman,shellcheck,29k
hasura,graphql-engine,27.2k
jgm,pandoc,25.8k
PostgREST,postgrest,18.8k
compiler-explorer,compiler-explorer,10.9k
hmemcpy,milewski-ctfp-pdf,9.5k
lk-geimfari,awesomo,8.4k
purescript,purescript,7.7k
hadolint,hadolint,7k
liuxinyu95,AlgoXY,5.3k
Homebrew,brew,32.4k
github,hub,21.8k
Homebrew,homebrew-cask,19.2k
Homebrew,homebrew-core,11.4k
goreleaser,goreleaser,10.2k
mas-cli,mas,9k
Caldis,Mos,8.9k
diasurgical,devilutionX,5.8k
geerlingguy,mac-dev-playbook,4.6k
Homebrew,homebrew-bundle,4.1k
homebridge,homebridge,20.1k
oznu,homebridge-config-ui-x,2.1k
oznu,docker-homebridge,2.1k
YinHangCode,homebridge-mi-aqara,1k
Sunoo,homebridge-camera-ffmpeg,939
homebridge,homebridge-raspbian-image,815
hjdhjd,homebridge-unifi-protect,792
dgreif,ring,737
lprhodes,homebridge-broadlink-rm,544
merdok,homebridge-webos-tv,535
twbs,bootstrap,158k
electron,electron,102k
storybookjs,storybook,71.6k
thedaviddias,Front-End-Checklist,60.2k
microsoft,Web-Dev-For-Beginners,53.1k
h5bp,html5-boilerplate,52.9k
rails,rails,50.9k
jgthms,bulma,45.7k
prettier,prettier,42.8k
parcel-bundler,parcel,40.9k
psf,requests,47.6k
hoppscotch,hoppscotch,44.3k
caddyserver,caddy,41.1k
ngosang,trackerslist,34.3k
mitmproxy,mitmproxy,27.9k
aria2,aria2,26.6k
curl,curl,25.4k
dromara,hutool,23.1k
httpie,httpie,22k
vapor,vapor,21.8k
ryanoasis,nerd-fonts,36.1k
neutraltone,awesome-stock-resources,10.5k
akveo,eva-icons,8.3k
mikepenz,Android-Iconics,5k
Remix-Design,RemixIcon,4.5k
refscn,rplibs,2.7k
keremciu,sketch-iconfont,2k
coreui,coreui-icons,1.9k
atisawd,boxicons,1.9k
phosphor-icons,phosphor-home,1.4k
flutter,flutter,142k
justjavac,free-programming-books-zh_CN,93.3k
ionic-team,ionic-framework,47.4k
google,material-design-icons,45.9k
Solido,awesome-flutter,41k
vsouza,awesome-ios,39.6k
FiloSottile,mkcert,35.5k
fastlane,fastlane,35.1k
xitu,gold-miner,30.8k
dkhamsing,open-source-ios-apps,30.4k
ipfs,ipfs,20.8k
ipfs,go-ipfs,13.7k
orbitdb,orbit-db,7k
ipfs,js-ipfs,6.8k
berty,berty,5.7k
ipfs,ipfs-desktop,4.3k
ipfs,awesome-ipfs,3.7k
hoochanlon,fq-book,2.5k
smartcontractkit,full-blockchain-solidity-course-js,2.4k
TeamPiped,Piped,2.3k
CyC2018,CS-Notes,152k
Snailclimb,JavaGuide,123k
iluwatar,java-design-patterns,75.4k
doocs,advanced-java,63.8k
spring-projects,spring-boot,61.7k
elastic,elasticsearch,60k
macrozheng,mall,59k
kdn251,interviews,57.5k
azl397985856,leetcode,48.3k
TheAlgorithms,Java,46.4k
freeCodeCamp,freeCodeCamp,347k
vuejs,vue,197k
facebook,react,190k
twbs,bootstrap,158k
getify,You-Dont-Know-JS,155k
trekhleb,javascript-algorithms,143k
airbnb,javascript,124k
electron,electron,102k
30-seconds,30-seconds-of-code,96.6k
axios,axios,93.9k
jekyll,jekyll,44.9k
tabler,tabler,26k
mmistakes,minimal-mistakes,9.8k
primer,octicons,7.3k
mqtt,mqtt.org,4.9k
just-the-docs,just-the-docs,4.5k
daattali,beautiful-jekyll,4.1k
poole,hyde,3.3k
alshedivat,al-folio,3.3k
fastai,fastpages,3.2k
jquery,jquery,56.3k
alvarotrigo,fullPage.js,33.7k
NervJS,taro,31.1k
select2,select2,25.3k
cheeriojs,cheerio,25.1k
nhn,tui.editor,14.8k
pandao,editor.md,12.2k
PuerkitoBio,goquery,11.5k
jessepollak,card,11.4k
jquery,jquery-ui,11.1k
tiangolo,fastapi,46.2k
prettier,prettier,42.8k
chinese-poetry,chinese-poetry,36.2k
nlohmann,json,30.5k
SheetJS,sheetjs,30.4k
alibaba,fastjson,24.7k
dromara,hutool,23.1k
httpie,httpie,22k
SwiftyJSON,SwiftyJSON,21.4k
paularmstrong,normalizr,20.9k
jakevdp,PythonDataScienceHandbook,34.9k
ageron,handson-ml,24.5k
CamDavidsonPilon,Probabilistic-Programming-and-Bayesian-Methods-for-Hackers,24.5k
trekhleb,homemade-machine-learning,19.4k
MLEveryday,100-Days-Of-ML-Code,18.9k
emilwallner,Screenshot-to-code,13.7k
microsoft,recommenders,13.4k
plotly,plotly.py,11.6k
chenyuntc,pytorch-book,10.1k
jupyter,notebook,9.1k
strapi,strapi,45.6k
koajs,koa,32.8k
eggjs,egg,18k
apollographql,apollo-server,12.7k
graphile,postgraphile,11.4k
aui,art-template,9.6k
r-spacex,SpaceX-API,9.4k
chenshenhai,koa2-note,4.9k
berwin,Blog,3.9k
simov,grant,3.6k
justjavac,free-programming-books-zh_CN,93.3k
square,okhttp,42.3k
JetBrains,kotlin,41.8k
square,leakcanary,27.6k
google,iosched,21.5k
NativeScript,NativeScript,21.3k
tipsy,profile-summary-for-github,19.6k
afollestad,material-dialogs,19.3k
tachiyomiorg,tachiyomi,17.1k
Kotlin,anko,15.9k
kubernetes,kubernetes,89.3k
netdata,netdata,59.6k
etcd-io,etcd,40.2k
traefik,traefik,38.5k
minio,minio,33.6k
Kong,kong,32.1k
istio,istio,30.5k
LeCoupa,awesome-cheatsheets,28.9k
bregman-arie,devops-exercises,25.5k
hashicorp,consul,24.9k
laravel,laravel,69.9k
laravel,framework,27.2k
monicahq,monica,16.7k
barryvdh,laravel-debugbar,14.1k
koel,koel,13.7k
flarum,flarum,12.9k
CachetHQ,Cachet,12.7k
Intervention,image,12.6k
barryvdh,laravel-ide-helper,12.4k
roots,sage,11.8k
marktext,marktext,32.6k
HarisIqbal88,PlotNeuralNet,16.9k
posquit0,Awesome-CV,16.3k
KaTeX,KaTeX,15.5k
hmemcpy,milewski-ctfp-pdf,9.5k
mathjax,MathJax,8.9k
billryan,resume,5.7k
Wandmalfarbe,pandoc-latex-template,4.3k
lervag,vimtex,3.9k
tuna,thuthesis,3.5k
facebook,react,190k
curl,curl,25.4k
ccxt,ccxt,24.8k
mojs,mojs,17.6k
framework7io,framework7,16.8k
OpenGenus,cosmos,13k
Ramotion,animated-tab-bar,11k
dgraph-io,badger,10.9k
Ramotion,folding-cell,10.1k
WenchaoD,FSCalendar,10k
jlevy,the-art-of-command-line,107k
nodejs,node,88.2k
trimstray,the-book-of-secret-knowledge,70k
atom,atom,58.1k
alacritty,alacritty,39.8k
vercel,hyper,38.7k
FiloSottile,mkcert,35.5k
GitSquared,edex-ui,35.5k
ventoy,Ventoy,35.5k
PowerShell,PowerShell,34k
AtsushiSakai,PythonRobotics,15.5k
formatjs,formatjs,13.2k
frappe,erpnext,11.3k
SwiftGen,SwiftGen,8k
Humanizr,Humanizer,6.9k
cartographer-project,cartographer,6k
lingui,js-lingui,3.4k
WeblateOrg,weblate,3k
jeremykenedy,laravel-auth,2.8k
hybridsjs,hybrids,2.6k
neovim,neovim,54.4k
coolsnowwolf,lede,21.8k
cocos2d,cocos2d-x,16.2k
lionsoul2014,ip2region,10.4k
NvChad,NvChad,10.2k
spotify,annoy,9.9k
apache,apisix,9.4k
Hammerspoon,hammerspoon,9.2k
codota,TabNine,9.2k
LunarVim,LunarVim,9.1k
tensorflow,tensorflow,166k
huggingface,transformers,65.1k
pytorch,pytorch,56.6k
keras-team,keras,55.4k
scikit-learn,scikit-learn,50.4k
tesseract-ocr,tesseract,45.5k
ageitgey,face_recognition,44.9k
aymericdamien,TensorFlow-Examples,42k
deepfakes,faceswap,41.4k
JuliaLang,julia,39.6k
flutter,flutter,142k
jlevy,the-art-of-command-line,107k
nodejs,node,88.2k
atom,atom,58.1k
jaywcjlove,awesome-mac,49.6k
alacritty,alacritty,39.8k
vercel,hyper,38.7k
FiloSottile,mkcert,35.5k
GitSquared,edex-ui,35.5k
PowerShell,PowerShell,34k
jekyll,jekyll,44.9k
prettier,prettier,42.8k
Textualize,rich,38k
marktext,marktext,32.6k
markedjs,marked,27.7k
jgm,pandoc,25.8k
docsifyjs,docsify,20.9k
notable,notable,19.9k
benweet,stackedit,19.3k
requarks,wiki,17.8k
mastodon,mastodon,29.4k
TwidereProject,Twidere-Android,2.6k
mastodon,documentation,1.5k
tuskyapp,Tusky,1.3k
nolanlawson,pinafore,681
h3poteto,whalebird-desktop,604
superseriousbusiness,gotosocial,537
kha7iq,pingme,524
ihabunek,toot,548
renatolond,mastodon-twitter-poster,484
flutter,flutter,142k
mui,material-ui,79k
ionic-team,ionic-framework,47.4k
google,material-design-icons,45.9k
Solido,awesome-flutter,41k
Dogfalo,materialize,38.7k
vuetifyjs,vuetify,34.5k
google,material-design-lite,32.1k
angular,components,22.7k
mdbootstrap,mdb-ui-kit,22.3k
curlconverter,curlconverter,5.6k
PRML,PRMLT,5.5k
ZheC,Realtime_Multi-Person_Pose_Estimation,4.8k
flybywiresim,a32nx,4.3k
zhanwen,MathModel,4.2k
Chakazul,Lenia,2.9k
ZachL1,Bilibili-plus,2.4k
kaxap,arl,1.6k
HuangCongQing,Algorithms_MathModels,1.4k
personqianduixue,Math_Model,1.3k
GoogleContainerTools,jib,11.9k
bytedeco,javacv,6k
zhanglei-workspace,shopping-management-system,4.3k
java-aodeng,hope-boot,3.2k
apache,maven,3.2k
Kotlin,kotlin-examples,3.1k
rubenlagus,TelegramBots,3.1k
ZHENFENG13,My-Blog,2.7k
spotify,dockerfile-maven,2.6k
diffplug,spotless,2.6k
fogleman,Craft,9.3k
dnschneid,crouton,8.1k
PaperMC,Paper,6.3k
MinecraftForge,MinecraftForge,5.5k
nuno-faria,tiler,5.3k
cabaletta,baritone,4.5k
cuberite,cuberite,4.2k
huanghongxun,HMCL,3.9k
CaffeineMC,sodium-fabric,3.5k
MultiMC,Launcher,3.4k
flutter,flutter,142k
ionic-team,ionic-framework,47.4k
Solido,awesome-flutter,41k
fastlane,fastlane,35.1k
jondot,awesome-react-native,31.5k
nolimits4web,swiper,31.4k
youzan,vant,19.7k
alibaba,weex,17.9k
framework7io,framework7,16.8k
expo,expo,16.7k
monero-project,monero,7k
xmrig,xmrig,7k
yjjnls,awesome-blockchain,2.3k
cazala,coin-hive,1.9k
Cyclenerd,ethereum_nvidia_miner,827
MultiPoolMiner,MultiPoolMiner,832
xmrig,xmrig-nvidia,637
lucasjones,cpuminer-multi,592
oliverw,miningcore,581
deepwn,deepMiner,524
macrozheng,mall,59k
meteor,meteor,42.9k
ityouknow,spring-boot-examples,27.6k
prisma,prisma,23.5k
mongodb,mongo,21.8k
parse-community,parse-server,19.6k
nswbmw,N-blog,15.1k
NodeBB,NodeBB,12.7k
linnovate,mean,12.2k
reactioncommerce,reaction,11.7k
bailicangdu,node-elm,11.5k
madhums,node-express-mongoose-demo,5k
santiq,bulletproof-nodejs,4.7k
hagopj13,node-express-boilerplate,4.2k
async-labs,builderbook,3.2k
async-labs,saas,3k
kunalkapadia,express-mongoose-es6-rest-api,2.8k
developit,express-es6-rest-api,2.4k
konstantinmuenster,notion-clone,2.3k
ladjs,lad,2.2k
netdata,netdata,59.6k
grafana,grafana,49.5k
prometheus,prometheus,42.9k
Unitech,pm2,37.1k
huginn,huginn,35.8k
getsentry,sentry,31.1k
influxdata,influxdb,23.6k
nicolargo,glances,20.6k
osquery,osquery,19k
didi,DoKit,18.8k
MvvmCross,MvvmCross,3.7k
MvvmCross,MvvmCross-Samples,310
Baseflow,Chameleon,148
MvvmCross,NPlus1DaysOfMvvmCross,148
Plac3hold3r,MvxScaffolding,120
Cheesebaron,Cheesebaron.MvxPlugins,90
Nethereum,Nethereum.UI.Wallet.Sample,72
Baseflow,MvxForms,45
rogerwcpt,xamarin-mvvvm-frameworks,40
grendio,XBottomSheet,36
Snailclimb,JavaGuide,123k
macrozheng,mall,59k
grafana,grafana,49.5k
strapi,strapi,45.6k
pingcap,tidb,31.6k
AobingJava,JavaFamily,30.9k
metabase,metabase,28.8k
typeorm,typeorm,28.5k
nocodb,nocodb,28.3k
hasura,graphql-engine,27.2k
NativeScript,NativeScript,21.3k
nativescript-vue,nativescript-vue,4.8k
alibaba,LuaViewSDK,3.6k
NathanWalker,angular-seed-advanced,2.3k
ngx-formly,ngx-formly,2.3k
momotech,MLN,1.5k
NativeScript,nativescript-angular,1.2k
NativeScript,nativescript-cli,1k
EddyVerbruggen,nativescript-plugin-firebase,1k
NativeScript,docs,447
nim-lang,Nim,13k
zedeus,nitter,4.9k
Dav1dde,glad,2.6k
nim-lang,nimble,984
mratsim,Arraymancer,950
planety,prologue,919
yglukhov,nimx,867
nim-lang,nimforum,685
VPashkov,awesome-nim,622
Pebaz,nimporter,628
huggingface,transformers,65.1k
d2l-ai,d2l-zh,33k
google-research,bert,31.4k
GokuMohandas,MadeWithML,30.2k
hankcs,HanLP,26.1k
explosion,spaCy,23.6k
sebastianruder,NLP-progress,20.5k
eugeneyan,applied-ml,20.1k
oxford-cs-deepnlp-2017,lectures,15.3k
ShusenTang,Dive-into-DL-PyTorch,15.1k
nodejs,node,88.2k
vercel,next.js,88k
nvm-sh,nvm,58.5k
nestjs,nest,47.6k
sindresorhus,awesome-nodejs,44.8k
Unitech,pm2,37.1k
remy,nodemon,24.1k
n8n-io,n8n,22.9k
coreybutler,nvm-windows,21.6k
mochajs,mocha,21.4k
dbeaver,dbeaver,26.9k
mongodb,mongo,21.8k
pubkey,rxdb,17.6k
CodisLabs,codis,12.5k
arangodb,arangodb,12.3k
neo4j,neo4j,10.1k
scylladb,scylla,8k
appbaseio,dejavu,7.8k
mbdavid,LiteDB,6.5k
apache,zeppelin,5.7k
goldbergyoni,nodebestpractices,78.4k
meteor,meteor,42.9k
yarnpkg,yarn,40.7k
lerna,lerna,32.9k
pnpm,pnpm,17.7k
verdaccio,verdaccio,13.5k
jaredpalmer,tsdx,9.8k
renovatebot,renovate,8.5k
astrit,css.gg,8.5k
miniMAC,magic,7.6k
vsouza,awesome-ios,39.6k
serhii-londar,open-source-mac-os-apps,30.5k
dkhamsing,open-source-ios-apps,30.4k
SDWebImage,SDWebImage,24.2k
NativeScript,NativeScript,21.3k
hackiftekhar,IQKeyboardManager,15.6k
realm,realm-swift,15.4k
OpenEmu,OpenEmu,13.9k
CocoaPods,CocoaPods,13.7k
CoderMJLee,MJRefresh,13.6k
alacritty,alacritty,39.8k
kovidgoyal,kitty,15k
google,filament,14.1k
ssloy,tinyrenderer,13.9k
lettier,3d-game-shaders-for-beginners,13.1k
bkaradzic,bgfx,11.7k
SFTtech,openage,11k
OpenRCT2,OpenRCT2,10.6k
raysan5,raylib,9.8k
fogleman,Craft,9.3k
huihut,interview,24.5k
SerenityOS,serenity,20.1k
Awesome-HarmonyOS,HarmonyOS,18.5k
redox-os,redox,13.9k
s-matyukevich,raspberry-pi-os,11.5k
reactos,reactos,11.1k
tuhdo,os01,10k
phil-opp,blog_os,10k
rust-embedded,rust-raspberrypi-OS-tutorials,8.5k
AkashSingh3031,The-Complete-FAANG-Preparation,7.8k
bitcoin,bitcoin,64.6k
syncthing,syncthing,45.2k
ethereum,go-ethereum,37.9k
webtorrent,webtorrent,26.5k
rustdesk,rustdesk,21.8k
ipfs,ipfs,20.8k
HelloZeroNet,ZeroNet,17.5k
amark,gun,16k
Chocobozzz,PeerTube,10.8k
peers,peerjs,10.4k
yarnpkg,yarn,40.7k
Homebrew,brew,32.4k
composer,composer,26.6k
python-poetry,poetry,20.1k
pnpm,pnpm,17.7k
microsoft,winget-cli,17.1k
microsoft,vcpkg,15.9k
bower,bower,15.1k
Carthage,Carthage,14.6k
CocoaPods,CocoaPods,13.7k
gchq,CyberChef,16.6k
antlr,antlr4,12.3k
samuelcolvin,pydantic,10.1k
tree-sitter,tree-sitter,8.8k
jquery,esprima,6.5k
DoctorWkt,acwj,6.5k
marmelroy,PhoneNumberKit,4.5k
Leonidas-from-XIV,node-xml2js,4.5k
harc,ohm,4.2k
estree,estree,4.1k
learnbyexample,Command-line-text-processing,9.9k
theos,theos,3.8k
kaitai-io,kaitai_struct,3k
rsnapshot,rsnapshot,2.5k
weechat,weechat,2.5k
imapsync,imapsync,2.5k
mojolicious,mojo,2.3k
jfcoz,postgresqltuner,2.3k
apache,avro,2.2k
apache,activemq,2k
photonstorm,phaser,31.9k
nicholas-ochoa,OpenSC2K,4.8k
ssusnic,Machine-Learning-Flappy-Bird,1.7k
photonstorm,phaser-examples,1.7k
channingbreeze,games,1.4k
lean,phaser-es6-webpack,1.3k
photonstorm,phaser-ce,1.2k
oklemenz,PrinceJS,807
digitsensitive,phaser3-typescript,810
DragonBones,DragonBonesJS,672
laravel,laravel,69.9k
LeCoupa,awesome-cheatsheets,28.9k
laravel,framework,27.2k
symfony,symfony,27k
ziadoz,awesome-php,26.6k
composer,composer,26.6k
guzzle,guzzle,21.9k
DesignPatternsPHP,DesignPatternsPHP,20.6k
Seldaek,monolog,19.7k
nextcloud,server,19.4k
kitao,pyxel,10k
pico-8,awesome-PICO-8,2.1k
picolove,picolove,576
dansanderson,picotool,293
Liquidream,scumm-8,274
jtothebell,fake-08,253
torch2424,picoDeploy,189
Jakz,retro8,184
0xcafed00d,tac08,153
Neko250,pico8-api,132
aseprite,aseprite,17.7k
piskelapp,piskel,8.7k
gelstudios,gitfiti,7k
dicebear,dicebear,4.1k
jvalen,pixel-art-react,4k
Orama-Interactive,Pixelorama,3.2k
LibreSprite,LibreSprite,2.5k
javierbyte,img2css,2.4k
cloudhead,rx,2.3k
nosir,obelisk.js,2.2k
discourse,discourse,35.8k
supabase,supabase,34.4k
metabase,metabase,28.8k
typeorm,typeorm,28.5k
nocodb,nocodb,28.3k
dbeaver,dbeaver,26.9k
sequelize,sequelize,26.3k
prisma,prisma,23.5k
getredash,redash,21.2k
PostgREST,postgrest,18.8k
frappe,erpnext,11.3k
mattermost,focalboard,11.3k
kanboard,kanboard,6.6k
opf,openproject,5.8k
bbatsov,projectile,3.6k
taigaio,taiga-front,3.5k
JordanKnott,taskcafe,3.2k
boltpkg,bolt,2.2k
200ok-ch,organice,2k
kuaifan,dootask,2.2k
TryGhost,Ghost,40.4k
lerna,lerna,32.9k
jgm,pandoc,25.8k
nteract,papermill,4.7k
Triple-T,gradle-play-publisher,3.8k
austintoddj,canvas,3k
timlrx,tailwind-nextjs-starter-blog,2.8k
substance,substance,2.7k
writefreely,writefreely,2.7k
themsaid,wink,2.7k
angular,angular,82k
ionic-team,ionic-framework,47.4k
hoppscotch,hoppscotch,44.3k
freeCodeCamp,devdocs,28.9k
GoogleChrome,lighthouse,24.7k
quasarframework,quasar,21.4k
qier222,YesPlayMusic,17.7k
pubkey,rxdb,17.6k
saleor,saleor,16.3k
RobinLinus,snapdrop,12.5k
donnemartin,system-design-primer,184k
tensorflow,tensorflow,166k
CyC2018,CS-Notes,152k
TheAlgorithms,Python,138k
vinta,awesome-python,130k
justjavac,free-programming-books-zh_CN,93.3k
nvbn,thefuck,71.6k
practical-tutorials,project-based-learning,68.8k
huggingface,transformers,65.1k
django,django,64.6k
flameshot-org,flameshot,17.6k
Swordfish90,cool-retro-term,16.8k
matplotlib,matplotlib,15.6k
SFTtech,openage,11k
PySimpleGUI,PySimpleGUI,10.2k
therecipe,qt,9.3k
mapeditor,tiled,8.8k
jopohl,urh,8.3k
qutebrowser,qutebrowser,7.9k
nodegui,nodegui,7.7k
microsoft,ML-For-Beginners,38.4k
apache,spark,33.1k
oracle,graal,17.1k
plotly,dash,16.6k
facebook,prophet,14.6k
microsoft,LightGBM,13.9k
FavioVazquez,ds-cheatsheets,10.6k
kanaka,mal,8.7k
catboost,catboost,6.6k
wowchemy,wowchemy-hugo-themes,6.5k
rails,rails,50.9k
discourse,discourse,35.8k
gitlabhq,gitlabhq,22.9k
heartcombo,devise,22.5k
forem,forem,19.2k
diaspora,diaspora,13.1k
chatwoot,chatwoot,12.7k
spree,spree,11.9k
activeadmin,activeadmin,9.2k
kaminari,kaminari,8.2k
home-assistant,core,53.3k
pi-hole,pi-hole,36.5k
MichMich,MagicMirror,16.6k
jarun,nnn,14.3k
rwaldron,johnny-five,12.7k
s-matyukevich,raspberry-pi-os,11.5k
microsoft,IoT-For-Beginners,10.2k
thibmaek,awesome-raspberry-pi,9.9k
raysan5,raylib,9.8k
RetroPie,RetroPie-Setup,9.5k
twbs,ratchet,14.5k
ratchetphp,Ratchet,5.7k
interference-security,DVWS,292
amirsanni,Video-Call-App,192
kishor10d,CodeIgniter-Ratchet-Websocket,91
joni-jones,yii2-wschat,90
Koleok,jest-coverage-ratchet,39
takielias,codeigniter-websocket,33
amirsanni,conference-call-ratchet,34
iamvery,ratchet,26
freeCodeCamp,freeCodeCamp,347k
facebook,react,190k
facebook,create-react-app,95.5k
justjavac,free-programming-books-zh_CN,93.3k
vercel,next.js,88k
ant-design,ant-design,80.7k
mui,material-ui,79k
storybookjs,storybook,71.6k
gatsbyjs,gatsby,53.1k
leonardomso,33-js-concepts,49.4k
justjavac,free-programming-books-zh_CN,93.3k
storybookjs,storybook,71.6k
enaqx,awesome-react,48.7k
jondot,awesome-react-native,31.5k
NervJS,taro,31.1k
jaredpalmer,formik,30.6k
dkhamsing,open-source-ios-apps,30.4k
laurent22,joplin,30.1k
react-hook-form,react-hook-form,28.8k
typeorm,typeorm,28.5k
CodeHubApp,CodeHub,23.2k
reactiveui,ReactiveUI,7k
skatejs,skatejs,3.2k
chayxana,Restaurant-App,567
Wouterdek,NodeNetwork,496
wieslawsoltes,Dock,401
reactiveui,Camelotia,317
reactiveui,ReactiveUI.Samples,219
TheEightBot,Reactive-Examples,219
sstorie,experiments,140
reduxjs,redux,58.2k
react-boilerplate,react-boilerplate,28.5k
immerjs,immer,23k
redux-saga,redux-saga,22.2k
reduxjs,react-redux,22.2k
sudheerj,reactjs-interview-questions,21.6k
markerikson,react-redux-links,21.6k
paularmstrong,normalizr,20.9k
verekia,js-stack-from-scratch,19.2k
reduxjs,reselect,18.6k
hoppscotch,hoppscotch,44.3k
nocodb,nocodb,28.3k
hasura,graphql-engine,27.2k
swagger-api,swagger-ui,22.2k
httpie,httpie,22k
Kong,insomnia,21.2k
gofiber,fiber,20.5k
parse-community,parse-server,19.6k
microsoft,api-guidelines,19.4k
zeromicro,go-zero,18.4k
rails,rails,50.9k
DopplerHQ,awesome-interview-questions,47k
jekyll,jekyll,44.9k
discourse,discourse,35.8k
fastlane,fastlane,35.1k
Homebrew,brew,32.4k
serhii-londar,open-source-mac-os-apps,30.5k
hashicorp,vagrant,23.9k
SeleniumHQ,selenium,23.9k
gitlabhq,gitlabhq,22.9k
denoland,deno,82.9k
rust-lang,rust,67.6k
tauri-apps,tauri,42.4k
alacritty,alacritty,39.8k
sharkdp,bat,35.1k
meilisearch,meilisearch,27.4k
starship,starship,26.8k
rust-unofficial,awesome-rust,26.3k
rust-lang,rustlings,25.1k
sharkdp,fd,23.4k
twbs,bootstrap,158k
bailicangdu,vue2-elm,38.3k
IanLunn,Hover,26.1k
tabler,tabler,26k
akveo,ngx-admin,23.7k
palantir,blueprint,19k
chatwoot,chatwoot,12.7k
primer,css,11.1k
stylelint,stylelint,9.7k
thoughtbot,bourbon,9.1k
apache,spark,33.1k
apache,kafka,22.2k
apache,flink,19.1k
scala,scala,13.8k
apache,predictionio,12.5k
eclipse,deeplearning4j,12.5k
playframework,playframework,12.1k
heibaiying,BigData-Notes,11.9k
lichess-org,lila,11.6k
yahoo,CMAK,10.9k
microsoft,ML-For-Beginners,38.4k
Avik-Jain,100-Days-Of-ML-Code,37.6k
jakevdp,PythonDataScienceHandbook,34.9k
apachecn,ailearning,33.5k
ageron,handson-ml,24.5k
donnemartin,data-science-ipython-notebooks,23.2k
virgili0,Virgilio,13.3k
onnx,onnx,12.7k
rasbt,python-machine-learning-book,11.6k
ml-tooling,best-of-ml-python,10.8k
knowledgedefinednetworking,a-deep-rl-approach-for-sdn-routing-optimization,170
asavie,xdp,104
nayanseth,sdn-loadbalancing,83
seungsoo-lee,DELTA,70
GAR-Project,project,60
eniac,Flightplan,22
lopezalvar,awesome-sdn-security,21
eniac,FDP,6
AnotherKamila,sdn-loadbalancer,5
subject721,flow-orchestrator,4
trimstray,the-book-of-secret-knowledge,70k
Hack-with-Github,Awesome-Hacking,51.4k
caddyserver,caddy,41.1k
x64dbg,x64dbg,38.6k
swisskyrepo,PayloadsAllTheThings,38.2k
Developer-Y,cs-video-courses,37k
mitmproxy,mitmproxy,27.9k
trailofbits,algo,25.6k
StevenBlack,hosts,20.9k
OWASP,CheatSheetSeries,20.9k
gin-gonic,gin,60.2k
expressjs,express,57.3k
AppFlowy-IO,AppFlowy,22.3k
vapor,vapor,21.8k
PostgREST,postgrest,18.8k
valeriansaliou,sonic,13.2k
ory,hydra,12.7k
imthenachoman,How-To-Secure-A-Linux-Server,12.4k
withastro,astro,12.3k
http-party,http-server,11.8k
serverless,serverless,42.9k
anuraghazra,github-readme-stats,42.3k
Kong,kong,32.1k
pingcap,tidb,31.6k
appwrite,appwrite,22.7k
openfaas,faas,21.7k
kriasoft,react-starter-kit,21.2k
firecracker-microvm,firecracker,18.3k
dapr,dapr,18.2k
alibaba,ice,17.2k
ohmyzsh,ohmyzsh,146k
nvbn,thefuck,71.6k
nvm-sh,nvm,58.5k
git,git,42.4k
tldr-pages,tldr,39k
pi-hole,pi-hole,36.5k
ryanoasis,nerd-fonts,36.1k
GitSquared,edex-ui,35.5k
PowerShell,PowerShell,34k
google,zx,31.7k
airbnb,react-sketchapp,14.9k
gztchan,awesome-design,13.7k
casesandberg,react-color,10.7k
tldraw,tldraw,7.7k
themerdev,themer,4.7k
boringdesigners,boring-avatars,3.8k
sketchplugins,plugin-directory,3.4k
weui,weui-design,2.8k
weixin,Miaow,2.5k
mathieudutour,git-sketch-plugin,2.5k
SpaceVim,SpaceVim,18.3k
wsdjeg,vim-galore-zh_cn,9.1k
wsdjeg,.SpaceVim.d,1.4k
wsdjeg,vim-chat,501
Gabirel,Hack-SpaceVim,417
ctjhoa,spacevim,368
wsdjeg,FlyGrep.vim,294
wsdjeg,GitHub.vim,193
wsdjeg,JavaUnit.vim,107
wsdjeg,imenu.vim,99
spring-projects,spring-boot,61.7k
macrozheng,mall,59k
jeecgboot,jeecg-boot,29.7k
ityouknow,spring-boot-examples,27.6k
apolloconfig,apollo,26.9k
xkcoding,spring-boot-demo,25.9k
wuyouzhuguli,SpringAll,23.7k
jhipster,generator-jhipster,19.6k
elunez,eladmin,18.3k
linlinjava,litemall,17.2k
apache,spark,33.1k
pingcap,tidb,31.6k
dbeaver,dbeaver,26.9k
sequelize,sequelize,26.3k
bregman-arie,devops-exercises,25.5k
cockroachdb,cockroach,24.9k
ClickHouse,ClickHouse,24.1k
apache,flink,19.1k
osquery,osquery,19k
taosdata,TDengine,18.5k
storybookjs,storybook,71.6k
nrwl,nx,13k
diegohaz,arc,2.8k
vuesion,vuesion,2.6k
chromaui,learnstorybook.com,2.3k
React95,React95,1.9k
trungk18,jira-clone-angular,1.8k
AdaptiveConsulting,ReactiveTraderCloud,1.7k
oblador,loki,1.4k
danilowoz,react-atomic-design,1.4k
frappe,erpnext,11.3k
zammad,zammad,3k
helpyio,helpy,2.2k
freescout-helpdesk,freescout,1.5k
django-helpdesk,django-helpdesk,1.3k
mattmezza,vue-beautiful-chat,1.2k
BadChoice,handesk,1.2k
polonel,trudesk,809
bestpractical,rt,667
opensupports,opensupports,668
justjavac,free-programming-books-zh_CN,93.3k
Alamofire,Alamofire,37.7k
xitu,gold-miner,30.8k
serhii-londar,open-source-mac-os-apps,30.5k
dkhamsing,open-source-ios-apps,30.4k
shadowsocks,ShadowsocksX-NG,30.4k
iina,iina,30.3k
raywenderlich,swift-algorithm-club,26.5k
SDWebImage,SDWebImage,24.2k
appwrite,appwrite,22.7k
symfony,symfony,27k
getgrav,grav,13.3k
symfony,console,9.2k
symfony,http-foundation,8.2k
symfony,event-dispatcher,8.1k
symfony,finder,8k
symfony,http-kernel,7.7k
symfony,polyfill-mbstring,7.5k
api-platform,api-platform,7.5k
symfony,debug,7.3k
tqdm,tqdm,22.2k
DIYgod,RSSHub,20.1k
DrKLO,Telegram,20k
telegramdesktop,tdesktop,19k
python-telegram-bot,python-telegram-bot,18.8k
tinode,chat,8.9k
OpenIMSDK,Open-IM-Server,8.4k
zhukov,webogram,7.7k
LonamiWebs,Telethon,6.6k
ramboxapp,community-edition,6.3k
tensorflow,tensorflow,166k
huggingface,transformers,65.1k
keras-team,keras,55.4k
aymericdamien,TensorFlow-Examples,42k
CorentinJ,Real-Time-Voice-Cloning,35.2k
google-research,bert,31.4k
xitu,gold-miner,30.8k
ageron,handson-ml,24.5k
donnemartin,data-science-ipython-notebooks,23.2k
matterport,Mask_RCNN,21.8k
ohmyzsh,ohmyzsh,146k
microsoft,terminal,83.6k
alacritty,alacritty,39.8k
tldr-pages,tldr,39k
vercel,hyper,38.7k
Textualize,rich,38k
GitSquared,edex-ui,35.5k
sharkdp,bat,35.1k
Eugeny,tabby,33.5k
chubin,cheat.sh,29.4k
hashicorp,terraform,33k
bregman-arie,devops-exercises,25.5k
MichaelCade,90DaysOfDevOps,13.6k
GoogleCloudPlatform,terraformer,7.7k
hashicorp,terraform-provider-aws,7.4k
infracost,infracost,6.8k
gruntwork-io,terratest,6.1k
gruntwork-io,terragrunt,5.9k
khuedoan,homelab,5.8k
hobby-kube,guide,5.2k
puppeteer,puppeteer,78.5k
goldbergyoni,nodebestpractices,78.4k
storybookjs,storybook,71.6k
hoppscotch,hoppscotch,44.3k
localstack,localstack,41.5k
facebook,jest,39.3k
microsoft,playwright,39.1k
cypress-io,cypress,38.9k
mochajs,mocha,21.4k
enzymejs,enzyme,19.9k
huginn,huginn,35.8k
DIYgod,RSSHub,20.1k
GorvGoyl,Clone-Wars,19.9k
twintproject,twint,13.3k
tweepy,tweepy,8.9k
KurtBestor,Hitomi-Downloader,8.5k
aritraroy,UltimateAndroidReference,7.5k
maxbbraun,trump2cash,6.1k
zedeus,nitter,4.9k
abraham,twitteroauth,4.2k
microsoft,vscode,133k
denoland,deno,82.9k
angular,angular,82k
microsoft,TypeScript,81.4k
ant-design,ant-design,80.7k
mui,material-ui,79k
storybookjs,storybook,71.6k
nestjs,nest,47.6k
ionic-team,ionic-framework,47.4k
prettier,prettier,42.8k
Nyr,openvpn-install,15.2k
angristan,openvpn-install,8.2k
dnschneid,crouton,8.1k
judasn,Linux-Tutorial,7.9k
oguzhaninan,Stacer,7.8k
wszqkzqk,deepin-wine-ubuntu,5.9k
adi1090x,polybar-themes,4.2k
GetPublii,Publii,3.9k
chef,bento,3.9k
boltgolt,howdy,3.9k
icsharpcode,ILSpy,15.2k
lettier,3d-game-shaders-for-beginners,13.1k
Unity-Technologies,ml-agents,13k
Perfare,AssetStudio,8.4k
Tencent,xLua,7.7k
rocksdanister,lively,7.4k
egametang,ET,5.8k
neuecc,UniRx,5.8k
sschmid,Entitas-CSharp,5.6k
microsoft,MixedRealityToolkit-Unity,5.1k
microsoft,AirSim,13.2k
heroiclabs,nakama,6k
ThusWroteNomad,GameNetworkingResources,4.7k
Allar,ue5-style-guide,3.1k
nxrighthere,UnrealCLR,2.1k
lgsvl,simulator,1.8k
tomlooman,ActionRoguelike,1.8k
gildor2,UEViewer,1.6k
Tencent,sluaunreal,1.4k
Gforcex,OpenGraphic,1.2k
hashicorp,vagrant,23.9k
geerlingguy,ansible-for-devops,5.9k
Varying-Vagrant-Vagrants,VVV,4.6k
chef,bento,3.9k
clong,DetectionLab,3.7k
ServiceStack,redis-windows,2.6k
roots,trellis,2.3k
ianmiell,shutit,2.1k
vagrant-libvirt,vagrant-libvirt,2k
leucos,ansible-tuto,2k
neovim,neovim,54.4k
junegunn,fzf,45k
LeCoupa,awesome-cheatsheets,28.9k
junegunn,vim-plug,27.9k
vim,vim,27.3k
ycm-core,YouCompleteMe,24k
syl20bnr,spacemacs,22.3k
neoclide,coc.nvim,20.1k
SpaceVim,SpaceVim,18.3k
preservim,nerdtree,17.2k
mrdoob,three.js,82.7k
aframevr,aframe,14.3k
bulletphysics,bullet3,9.4k
playcanvas,engine,7.4k
relativty,Relativty,5.7k
ExtendRealityLtd,VRTK,3.5k
immersive-web,webxr,2.5k
viromedia,viro,1.9k
widgetti,ipyvolume,1.8k
bjornbytes,lovr,1.4k
vuejs,vue,197k
justjavac,free-programming-books-zh_CN,93.3k
PanJiaChen,vue-element-admin,76.6k
storybookjs,storybook,71.6k
ElemeFE,element,52.2k
ionic-team,ionic-framework,47.4k
hoppscotch,hoppscotch,44.3k
prettier,prettier,42.8k
nuxt,nuxt.js,40.7k
bailicangdu,vue2-elm,38.3k
wagtail,wagtail,12.2k
springload,awesome-wagtail,1.6k
wagtail,bakerydemo,579
springload,draftail,562
coderedcorp,coderedcms,510
APSL,puput,508
JamesRamm,longclaw,337
AccordBox,wagtail-bootstrap-blog,315
jazzband,wagtailmenus,310
wagtail-deprecated,wagtaildemo,285
storybookjs,storybook,71.6k
Polymer,polymer,21.8k
Tencent,omi,12.3k
rough-stuff,wired-elements,9k
microsoft,fast,7.3k
vmware,clarity,6.5k
andreasbm,web-skills,5.9k
skatejs,skatejs,3.2k
yued-fe,lulu,2.5k
github,time-elements,2.4k
gatsbyjs,gatsby,53.1k
nuxt,nuxt.js,40.7k
airyland,vux,17.6k
plotly,dash,16.6k
google,WebFundamentals,13.2k
1j01,jspaint,6.3k
phpmyadmin,phpmyadmin,6k
pi-hole,docker-pi-hole,5.1k
rstudio,shiny,4.7k
bigskysoftware,intercooler-js,4.7k
PanJiaChen,vue-element-admin,76.6k
storybookjs,storybook,71.6k
webpack,webpack,61.2k
bailicangdu,vue2-elm,38.3k
akveo,ngx-admin,23.7k
markerikson,react-redux-links,21.6k
kriasoft,react-starter-kit,21.2k
electron-react-boilerplate,electron-react-boilerplate,19.7k
jhipster,generator-jhipster,19.6k
verekia,js-stack-from-scratch,19.2k
flutter,flutter,142k
jlevy,the-art-of-command-line,107k
nodejs,node,88.2k
microsoft,PowerToys,74.1k
atom,atom,58.1k
alacritty,alacritty,39.8k
x64dbg,x64dbg,38.6k
FiloSottile,mkcert,35.5k
GitSquared,edex-ui,35.5k
ventoy,Ventoy,35.5k
wordplate,wordplate,1.7k
wordplate,extended-acf,311
wordplate,plate,76
wordplate,framework,41
fiskhandlarn,blade,25
wordplate,mail,25
Levdbas,BasePlate,20
wordplate,wordplate.github.io,18
hoymultimedia,polylang,6
neone35,plumber123,5
digitalocean,nginxconfig.io,20.9k
benweet,stackedit,19.3k
Automattic,wp-calypso,12.1k
roots,sage,11.8k
WordPress,gutenberg,7.9k
woocommerce,woocommerce,7.9k
wpscanteam,wpscan,6.7k
roots,bedrock,5.6k
timber,timber,5.1k
Varying-Vagrant-Vagrants,VVV,4.6k
dotnet-architecture,eShopOnContainers,20.8k
mono,mono,9.9k
reactiveui,ReactiveUI,7k
unoplatform,uno,6.6k
reactiveui,refit,6k
xamarin,Xamarin.Forms,5.6k
NLog,NLog,5.5k
xamarin,xamarin-forms-samples,4.2k
neuecc,MessagePack-CSharp,3.9k
MvvmCross,MvvmCross,3.7k
SheetJS,sheetjs,30.4k
xbmc,xbmc,13.9k
jhy,jsoup,9.5k
dbohdan,structured-text-tools,6.3k
pocoproject,poco,6.1k
reactiveui,refit,6k
rest-assured,rest-assured,5.9k
sparklemotion,nokogiri,5.9k
mikefarah,yq,5.8k
mledoze,countries,5.5k
